id_cuenta,tipo,saldo,fecha_apertura,fecha_cierre,estado
CU1,Monetario,65869,2022-09-09,2024-10-08,Bloqueada
CU2,Ahorro,51946,2022-03-23,2026-08-16,Bloqueada
CU3,Monetario,88410,2022-05-27,2024-05-03,Bloqueada
CU4,Monetario,20603,2023-12-28,,Activa
CU5,Monetario,88741,2022-06-20,2026-10-22,Bloqueada
CU6,Monetario,88754,2020-09-01,,Activa
CU7,Monetario,76593,2021-12-09,2025-09-27,Bloqueada
CU8,Monetario,81013,2021-10-12,2024-08-05,Bloqueada
CU9,Monetario,34441,2022-08-12,2025-05-16,Bloqueada
CU10,Monetario,5885,2021-09-25,2025-06-14,Bloqueada
CU11,Ahorro,76096,2021-07-10,2026-04-15,Bloqueada
CU12,Monetario,9526,2020-11-09,2024-09-20,Activa
CU13,Monetario,17054,2023-01-21,2024-05-27,Bloqueada
CU14,Ahorro,57586,2021-11-26,2024-01-23,Bloqueada
CU15,Monetario,21793,2022-08-16,2025-07-25,Bloqueada
CU16,Ahorro,63410,2020-10-05,2024-03-15,Bloqueada
CU17,Monetario,58316,2022-05-11,2026-10-02,Bloqueada
CU18,Ahorro,39574,2021-10-21,2025-10-12,Activa
CU19,Ahorro,12090,2023-09-24,2024-03-10,Bloqueada
CU20,Monetario,83499,2021-06-16,2024-10-28,Activa
CU21,Ahorro,48735,2021-10-05,2024-05-26,Bloqueada
CU22,Monetario,61316,2022-10-19,2025-08-15,Bloqueada
CU23,Monetario,50828,2020-06-09,2025-06-16,Bloqueada
CU24,Ahorro,36856,2023-04-09,2025-10-17,Bloqueada
CU25,Ahorro,39627,2020-09-10,2025-02-18,Bloqueada
CU26,Monetario,8462,2023-06-22,2024-12-01,Bloqueada
CU27,Monetario,70938,2022-09-26,2024-01-13,Bloqueada
CU28,Monetario,40510,2022-08-25,2025-05-12,Bloqueada
CU29,Ahorro,88918,2021-08-06,2026-12-13,Bloqueada
CU30,Ahorro,30176,2023-06-17,2025-09-25,Bloqueada
CU31,Monetario,28078,2021-11-28,2024-06-25,Activa
CU32,Ahorro,54969,2020-01-24,2024-04-26,Bloqueada
CU33,Ahorro,5744,2023-01-22,2024-02-08,Activa
CU34,Ahorro,25740,2023-05-03,2026-09-06,Bloqueada
CU35,Monetario,31296,2021-02-13,2026-07-03,Activa
CU36,Monetario,83193,2021-09-26,,Bloqueada
CU37,Ahorro,21866,2022-11-21,2024-11-03,Bloqueada
CU38,Ahorro,97010,2020-09-14,2025-06-20,Bloqueada
CU39,Ahorro,73586,2020-10-06,2024-01-13,Activa
CU40,Monetario,12399,2022-07-23,2024-12-26,Bloqueada
CU41,Ahorro,13683,2023-10-25,2025-03-01,Activa
CU42,Monetario,22462,2021-04-06,2026-06-05,Activa
CU43,Monetario,5751,2021-04-27,2025-07-19,Bloqueada
CU44,Ahorro,32475,2023-01-11,2026-12-04,Bloqueada
CU45,Ahorro,70614,2023-05-03,2025-03-03,Bloqueada
CU46,Ahorro,80584,2023-06-03,2026-08-12,Bloqueada
CU47,Monetario,78539,2022-05-21,,Bloqueada
CU48,Monetario,3367,2023-07-10,2025-03-06,Bloqueada
CU49,Monetario,8903,2023-04-09,2025-11-18,Activa
CU50,Monetario,68381,2020-03-28,2025-02-15,Bloqueada
CU51,Ahorro,2250,2021-09-02,2025-12-16,Bloqueada
CU52,Monetario,37143,2022-01-14,2026-04-10,Bloqueada
CU53,Monetario,40854,2021-08-21,,Bloqueada
CU54,Monetario,7496,2023-04-14,2024-01-06,Bloqueada
CU55,Monetario,68086,2020-01-22,2026-11-24,Bloqueada
CU56,Monetario,71476,2023-03-05,2025-07-20,Bloqueada
CU57,Monetario,44092,2023-12-17,2025-02-10,Bloqueada
CU58,Ahorro,10327,2021-10-09,2024-06-12,Bloqueada
CU59,Monetario,50786,2023-02-05,2026-09-24,Bloqueada
CU60,Monetario,7696,2022-09-11,2024-09-15,Bloqueada
CU61,Monetario,45749,2023-03-05,2024-05-08,Activa
CU62,Ahorro,81801,2022-09-23,,Activa
CU63,Ahorro,84487,2023-07-19,,Bloqueada
CU64,Monetario,5751,2020-04-21,,Bloqueada
CU65,Monetario,7409,2023-11-12,2025-06-16,Bloqueada
CU66,Ahorro,99974,2021-12-10,2026-10-26,Bloqueada
CU67,Ahorro,79568,2021-11-15,2025-04-06,Bloqueada
CU68,Monetario,83808,2020-01-11,,Activa
CU69,Monetario,29870,2023-05-10,2025-03-08,Bloqueada
CU70,Ahorro,79571,2021-06-13,2026-06-25,Bloqueada
CU71,Ahorro,86647,2022-06-02,2026-09-26,Bloqueada
CU72,Ahorro,23885,2020-12-27,2025-05-14,Bloqueada
CU73,Monetario,66076,2022-08-09,2026-12-09,Bloqueada
CU74,Monetario,7135,2021-10-20,2025-05-02,Bloqueada
CU75,Monetario,83567,2020-07-10,2024-08-15,Bloqueada
CU76,Ahorro,64120,2020-07-17,2025-02-11,Bloqueada
CU77,Monetario,97260,2020-01-06,2025-07-06,Bloqueada
CU78,Ahorro,47420,2021-09-13,2026-02-09,Activa
CU79,Ahorro,36380,2023-08-14,2026-06-03,Bloqueada
CU80,Monetario,4552,2022-05-10,2024-03-28,Activa
CU81,Monetario,1205,2021-09-07,,Activa
CU82,Monetario,32964,2021-12-07,2025-08-24,Bloqueada
CU83,Ahorro,29326,2023-10-28,,Activa
CU84,Ahorro,78893,2023-03-03,2024-03-17,Bloqueada
CU85,Monetario,46951,2023-05-03,,Activa
CU86,Ahorro,75895,2020-03-25,2024-09-13,Bloqueada
CU87,Monetario,9138,2022-04-16,2026-08-21,Activa
CU88,Monetario,70009,2022-04-07,2026-12-15,Bloqueada
CU89,Ahorro,91495,2022-09-23,,Activa
CU90,Ahorro,55226,2023-01-02,,Bloqueada
CU91,Monetario,50671,2021-02-03,2024-10-01,Bloqueada
CU92,Monetario,61026,2021-10-23,,Bloqueada
CU93,Ahorro,12629,2021-05-26,,Bloqueada
CU94,Ahorro,89373,2021-12-23,2024-03-25,Bloqueada
CU95,Ahorro,18975,2023-12-07,2024-02-02,Bloqueada
CU96,Ahorro,22263,2023-02-18,2024-09-25,Bloqueada
CU97,Monetario,35606,2021-09-23,2024-12-25,Bloqueada
CU98,Monetario,9631,2020-04-01,2026-04-01,Bloqueada
CU99,Monetario,65075,2022-04-02,2024-06-19,Bloqueada
CU100,Monetario,58648,2023-07-18,2025-03-05,Bloqueada
CU101,Ahorro,19368,2020-11-04,,Bloqueada
CU102,Ahorro,14202,2020-12-25,2024-11-14,Activa
CU103,Ahorro,86364,2023-09-14,,Bloqueada
CU104,Monetario,98546,2023-05-11,2025-05-25,Activa
CU105,Ahorro,44025,2020-03-16,,Activa
CU106,Monetario,1768,2020-07-18,2024-09-15,Bloqueada
CU107,Monetario,46634,2021-03-24,2026-06-13,Bloqueada
CU108,Ahorro,3980,2023-05-11,2025-03-21,Bloqueada
CU109,Monetario,77178,2023-02-16,2026-03-22,Bloqueada
CU110,Ahorro,70358,2021-06-01,2025-04-04,Bloqueada
CU111,Monetario,58319,2022-11-07,,Bloqueada
CU112,Monetario,92087,2023-07-07,2024-03-06,Bloqueada
CU113,Ahorro,37991,2021-05-10,,Bloqueada
CU114,Monetario,6889,2020-09-14,2025-08-08,Bloqueada
CU115,Monetario,64883,2022-11-12,,Bloqueada
CU116,Monetario,70357,2022-12-24,2024-08-04,Bloqueada
CU117,Monetario,21246,2020-08-26,,Bloqueada
CU118,Monetario,27019,2020-07-25,2024-01-14,Activa
CU119,Monetario,55512,2023-06-15,2025-07-14,Bloqueada
CU120,Ahorro,87675,2022-04-02,2024-04-01,Bloqueada
CU121,Monetario,86007,2022-11-27,,Bloqueada
CU122,Ahorro,64844,2022-01-18,2026-04-18,Activa
CU123,Ahorro,75366,2020-08-02,2026-05-04,Bloqueada
CU124,Ahorro,59476,2023-11-10,2024-07-15,Bloqueada
CU125,Ahorro,66521,2020-03-28,2026-08-20,Bloqueada
CU126,Ahorro,79953,2023-04-14,2026-11-17,Bloqueada
CU127,Monetario,92666,2021-09-12,2026-08-23,Bloqueada
CU128,Ahorro,12651,2023-11-18,2024-09-24,Bloqueada
CU129,Monetario,62752,2020-05-28,,Bloqueada
CU130,Ahorro,88660,2020-05-16,2026-05-05,Bloqueada
CU131,Monetario,45407,2023-08-21,2026-03-08,Bloqueada
CU132,Ahorro,22522,2021-05-11,2024-09-21,Bloqueada
CU133,Ahorro,82572,2021-01-19,2025-11-06,Bloqueada
CU134,Monetario,82090,2022-06-28,2025-06-20,Bloqueada
CU135,Ahorro,80470,2020-12-15,2025-02-25,Bloqueada
CU136,Monetario,28677,2023-08-14,,Activa
CU137,Monetario,39950,2023-08-20,2026-06-18,Bloqueada
CU138,Ahorro,5865,2023-01-11,2026-08-28,Bloqueada
CU139,Monetario,28535,2021-04-25,2024-12-27,Bloqueada
CU140,Monetario,15023,2022-04-10,2026-10-18,Bloqueada
CU141,Ahorro,19765,2023-07-02,2026-06-21,Bloqueada
CU142,Monetario,99950,2020-06-03,,Activa
CU143,Monetario,32724,2020-06-17,2024-10-23,Bloqueada
CU144,Monetario,8382,2023-12-19,2025-12-15,Bloqueada
CU145,Monetario,94391,2021-05-13,2024-02-11,Bloqueada
CU146,Monetario,18825,2021-04-28,2026-12-12,Bloqueada
CU147,Ahorro,79083,2023-09-01,2025-02-24,Activa
CU148,Monetario,41619,2020-04-15,,Bloqueada
CU149,Ahorro,2402,2020-01-25,,Activa
CU150,Monetario,83981,2022-06-08,2025-08-16,Bloqueada
CU151,Ahorro,79264,2021-06-14,2025-12-22,Bloqueada
CU152,Monetario,3680,2023-03-26,2024-04-28,Bloqueada
CU153,Monetario,23518,2022-11-18,,Bloqueada
CU154,Monetario,19665,2020-01-28,2025-08-28,Activa
CU155,Ahorro,55670,2021-05-12,2024-08-19,Bloqueada
CU156,Monetario,84367,2020-05-26,2026-07-03,Bloqueada
CU157,Monetario,2883,2020-06-07,2024-03-13,Bloqueada
CU158,Ahorro,74320,2020-12-03,2025-01-04,Bloqueada
CU159,Monetario,85442,2021-08-24,2024-04-26,Bloqueada
CU160,Ahorro,77622,2021-05-04,2025-09-11,Activa
CU161,Ahorro,83480,2023-02-14,2025-04-05,Bloqueada
CU162,Monetario,2413,2021-12-26,2024-04-05,Bloqueada
CU163,Ahorro,59552,2021-01-08,2025-02-11,Bloqueada
CU164,Monetario,50295,2021-06-12,2026-11-08,Bloqueada
CU165,Ahorro,62053,2020-03-09,2026-02-06,Bloqueada
CU166,Ahorro,12919,2023-01-20,2024-06-24,Activa
CU167,Ahorro,43974,2020-01-11,2025-02-02,Bloqueada
CU168,Ahorro,30076,2023-09-13,2026-12-06,Bloqueada
CU169,Monetario,65838,2020-01-08,2025-04-03,Bloqueada
CU170,Monetario,1173,2023-01-03,2025-04-09,Bloqueada
CU171,Monetario,9518,2023-10-15,2025-01-13,Activa
CU172,Monetario,44280,2020-01-06,2024-11-11,Bloqueada
CU173,Monetario,34302,2023-03-08,2024-09-11,Bloqueada
CU174,Ahorro,51889,2023-05-27,2024-01-01,Bloqueada
CU175,Ahorro,2505,2023-01-09,2024-10-03,Bloqueada
CU176,Monetario,80294,2023-04-06,2024-04-24,Bloqueada
CU177,Ahorro,33525,2023-04-01,2025-12-02,Activa
CU178,Monetario,53363,2023-09-05,2026-04-02,Bloqueada
CU179,Ahorro,46375,2023-12-28,2026-05-17,Bloqueada
CU180,Ahorro,46028,2022-09-09,2025-06-02,Bloqueada
CU181,Ahorro,40794,2021-04-10,,Bloqueada
CU182,Monetario,7947,2020-09-07,2025-10-05,Bloqueada
CU183,Monetario,4016,2021-08-12,2026-03-01,Bloqueada
CU184,Ahorro,52523,2021-04-28,2024-06-12,Activa
CU185,Ahorro,82145,2021-04-10,2025-09-24,Bloqueada
CU186,Monetario,42627,2023-02-20,,Bloqueada
CU187,Monetario,71462,2020-12-11,2024-03-26,Bloqueada
CU188,Monetario,99982,2023-08-05,,Bloqueada
CU189,Ahorro,76882,2021-03-13,,Bloqueada
CU190,Ahorro,3875,2023-02-25,2025-09-23,Bloqueada
CU191,Monetario,52522,2023-09-21,2024-12-23,Activa
CU192,Ahorro,82098,2023-07-11,,Bloqueada
CU193,Monetario,78288,2021-06-28,2026-09-04,Bloqueada
CU194,Ahorro,79380,2021-08-02,2025-09-08,Bloqueada
CU195,Ahorro,5813,2021-02-20,2026-10-07,Bloqueada
CU196,Ahorro,69204,2021-12-23,2026-12-21,Bloqueada
CU197,Ahorro,10585,2022-04-06,2025-09-02,Bloqueada
CU198,Monetario,70456,2022-11-18,2024-11-23,Bloqueada
CU199,Monetario,74626,2020-09-11,2026-08-16,Bloqueada
CU200,Ahorro,82491,2020-10-20,,Bloqueada
CU201,Monetario,76078,2020-09-26,2025-02-02,Activa
CU202,Ahorro,71802,2021-10-20,2026-02-19,Bloqueada
CU203,Monetario,98172,2020-02-16,2024-09-28,Bloqueada
CU204,Monetario,13368,2023-09-16,,Bloqueada
CU205,Ahorro,20880,2020-12-17,2024-05-26,Bloqueada
CU206,Ahorro,88615,2021-05-07,2024-01-15,Activa
CU207,Ahorro,73280,2020-03-19,,Bloqueada
CU208,Monetario,36435,2020-09-03,,Activa
CU209,Monetario,7221,2020-04-03,2024-07-22,Activa
CU210,Monetario,62483,2022-11-11,2026-11-02,Bloqueada
CU211,Ahorro,6286,2023-08-06,2025-03-17,Bloqueada
CU212,Monetario,71165,2021-12-09,2025-04-05,Bloqueada
CU213,Monetario,84607,2023-09-09,2026-01-16,Activa
CU214,Ahorro,60540,2022-04-25,2024-01-07,Activa
CU215,Ahorro,3437,2023-01-13,2026-04-21,Activa
CU216,Monetario,11547,2022-05-23,2024-02-03,Activa
CU217,Ahorro,51472,2020-10-03,2026-01-04,Activa
CU218,Ahorro,35928,2023-05-01,2026-09-11,Activa
CU219,Monetario,2294,2020-08-23,,Activa
CU220,Monetario,11736,2023-09-11,2024-10-21,Bloqueada
CU221,Monetario,7971,2022-01-16,2025-09-22,Activa
CU222,Ahorro,73504,2022-02-04,2024-04-07,Bloqueada
CU223,Ahorro,15538,2020-12-26,2025-01-24,Bloqueada
CU224,Ahorro,73881,2021-03-03,2026-06-02,Bloqueada
CU225,Monetario,56278,2020-10-13,2024-11-13,Bloqueada
CU226,Monetario,59450,2020-04-16,2024-04-17,Bloqueada
CU227,Ahorro,83513,2022-01-10,2025-09-05,Bloqueada
CU228,Monetario,85510,2020-04-10,,Bloqueada
CU229,Monetario,12511,2023-01-28,,Bloqueada
CU230,Monetario,81966,2021-01-27,2024-11-09,Bloqueada
CU231,Ahorro,96718,2022-10-20,2026-01-28,Bloqueada
CU232,Monetario,16697,2021-10-14,2025-05-10,Bloqueada
CU233,Monetario,52861,2020-06-14,2026-05-22,Bloqueada
CU234,Monetario,21905,2023-12-06,2024-09-23,Activa
CU235,Monetario,25665,2021-01-09,,Bloqueada
CU236,Ahorro,86348,2021-03-21,2026-11-20,Bloqueada
CU237,Monetario,69795,2021-02-19,,Bloqueada
CU238,Monetario,61926,2023-03-26,2024-07-22,Bloqueada
CU239,Monetario,40587,2022-12-07,2025-08-12,Bloqueada
CU240,Monetario,92988,2023-08-17,2026-07-24,Bloqueada
CU241,Monetario,97509,2021-11-17,2024-10-23,Activa
CU242,Ahorro,47706,2020-12-25,2024-07-13,Bloqueada
CU243,Monetario,84063,2023-09-18,2025-07-25,Bloqueada
CU244,Ahorro,10195,2022-09-08,2025-11-07,Bloqueada
CU245,Monetario,23478,2022-05-25,2024-09-03,Bloqueada
CU246,Ahorro,41631,2023-08-15,,Bloqueada
CU247,Monetario,60981,2023-12-21,2025-07-12,Bloqueada
CU248,Ahorro,83828,2022-04-14,,Bloqueada
CU249,Monetario,73044,2021-01-15,2026-04-06,Bloqueada
CU250,Ahorro,96285,2022-01-12,2024-06-06,Bloqueada
CU251,Ahorro,67001,2020-06-13,2025-09-13,Bloqueada
CU252,Monetario,75658,2021-06-05,2026-03-09,Bloqueada
CU253,Ahorro,27038,2022-09-16,2024-05-09,Bloqueada
CU254,Monetario,11886,2020-04-09,2025-08-04,Bloqueada
CU255,Monetario,70688,2022-05-13,2024-02-20,Bloqueada
CU256,Monetario,94744,2022-02-25,2025-06-09,Bloqueada
CU257,Ahorro,15505,2020-07-14,2025-09-22,Activa
CU258,Ahorro,14256,2022-12-06,2026-07-20,Bloqueada
CU259,Ahorro,73776,2021-09-03,2025-03-10,Activa
CU260,Ahorro,76501,2022-09-22,2024-03-16,Bloqueada
CU261,Monetario,30928,2023-03-03,2024-04-14,Bloqueada
CU262,Monetario,91282,2021-07-27,2024-10-01,Bloqueada
CU263,Monetario,12246,2022-07-12,2025-08-07,Bloqueada
CU264,Monetario,51533,2023-03-06,2024-08-09,Bloqueada
CU265,Monetario,12471,2021-01-02,,Bloqueada
CU266,Ahorro,22634,2022-10-27,2026-08-24,Activa
CU267,Monetario,41836,2023-11-13,,Activa
CU268,Ahorro,50907,2021-12-01,,Activa
CU269,Monetario,97625,2023-10-05,2026-04-18,Bloqueada
CU270,Monetario,71625,2021-11-19,2025-02-18,Bloqueada
CU271,Monetario,56139,2021-06-17,,Activa
CU272,Monetario,61262,2021-08-04,,Bloqueada
CU273,Monetario,68943,2021-12-02,2025-09-04,Bloqueada
CU274,Monetario,80573,2021-11-04,2026-08-15,Bloqueada
CU275,Monetario,51058,2022-01-16,2024-05-16,Bloqueada
CU276,Ahorro,78763,2023-01-22,2024-07-27,Activa
CU277,Ahorro,78511,2021-06-26,2024-07-26,Bloqueada
CU278,Ahorro,12342,2022-03-07,2026-12-08,Bloqueada
CU279,Monetario,60709,2020-11-26,2025-12-11,Bloqueada
CU280,Monetario,22301,2022-03-28,2024-07-12,Bloqueada
CU281,Ahorro,75181,2021-09-28,2025-02-03,Bloqueada
CU282,Monetario,70090,2022-01-14,2025-03-28,Bloqueada
CU283,Monetario,96763,2020-03-06,2026-06-22,Bloqueada
CU284,Ahorro,3969,2020-03-26,2026-11-14,Bloqueada
CU285,Ahorro,32188,2022-11-19,2026-06-14,Bloqueada
CU286,Monetario,50687,2022-08-03,2025-09-12,Bloqueada
CU287,Monetario,52461,2022-03-25,2025-08-04,Bloqueada
CU288,Ahorro,6363,2022-03-09,,Activa
CU289,Monetario,98229,2021-05-06,2026-06-23,Bloqueada
CU290,Monetario,71943,2022-01-07,2025-09-08,Bloqueada
CU291,Ahorro,23928,2020-01-24,2025-12-11,Bloqueada
CU292,Monetario,2832,2022-07-19,,Activa
CU293,Monetario,99553,2022-03-03,2026-06-17,Bloqueada
CU294,Ahorro,92079,2023-08-01,2025-01-01,Bloqueada
CU295,Monetario,1562,2020-08-19,,Bloqueada
CU296,Monetario,84752,2021-04-03,2026-09-19,Activa
CU297,Ahorro,4128,2020-08-26,2025-01-14,Bloqueada
CU298,Monetario,28485,2020-07-24,2026-07-21,Bloqueada
CU299,Ahorro,46026,2020-08-17,2026-10-01,Bloqueada
CU300,Monetario,40340,2021-12-12,2025-11-18,Activa
CU301,Ahorro,15108,2021-01-19,2026-01-24,Bloqueada
CU302,Ahorro,93429,2021-11-28,,Bloqueada
CU303,Monetario,60351,2021-02-04,,Activa
CU304,Ahorro,57170,2020-10-24,,Bloqueada
CU305,Ahorro,9951,2020-05-04,,Bloqueada
CU306,Monetario,50162,2023-06-26,2026-10-14,Bloqueada
CU307,Ahorro,82376,2022-11-22,2025-01-11,Bloqueada
CU308,Monetario,22385,2023-11-07,,Activa
CU309,Ahorro,31031,2021-04-08,2025-03-27,Bloqueada
CU310,Ahorro,64925,2021-07-05,,Bloqueada
CU311,Monetario,67504,2023-11-08,2025-05-12,Bloqueada
CU312,Ahorro,55956,2023-08-12,2025-05-02,Activa
CU313,Monetario,7812,2021-08-05,2024-10-19,Bloqueada
CU314,Monetario,74512,2023-09-21,2025-08-08,Bloqueada
CU315,Monetario,23514,2023-07-08,,Bloqueada
CU316,Ahorro,29797,2021-04-14,,Bloqueada
CU317,Ahorro,5431,2022-05-25,2025-06-19,Bloqueada
CU318,Ahorro,9565,2022-06-14,2025-10-04,Bloqueada
CU319,Monetario,80389,2023-08-11,2024-07-24,Bloqueada
CU320,Ahorro,73706,2023-04-01,2025-03-16,Bloqueada
CU321,Monetario,77546,2022-02-11,2025-09-22,Bloqueada
CU322,Monetario,14178,2020-06-18,2026-09-14,Bloqueada
CU323,Ahorro,26034,2020-01-03,2025-06-04,Bloqueada
CU324,Monetario,64245,2021-05-22,2026-12-18,Bloqueada
CU325,Ahorro,57253,2023-08-18,2024-12-07,Bloqueada
CU326,Monetario,95388,2020-06-10,2024-05-26,Bloqueada
CU327,Monetario,29089,2022-01-03,2025-09-18,Bloqueada
CU328,Ahorro,13026,2022-11-12,2026-08-24,Bloqueada
CU329,Ahorro,51107,2022-04-12,2025-08-06,Bloqueada
CU330,Ahorro,93079,2020-02-06,,Bloqueada
CU331,Ahorro,53581,2022-02-01,2025-12-03,Bloqueada
CU332,Monetario,51162,2021-12-28,2026-07-21,Bloqueada
CU333,Monetario,87909,2021-02-02,2025-01-14,Bloqueada
CU334,Monetario,43733,2023-06-13,2025-10-04,Activa
CU335,Monetario,79249,2023-02-04,2024-08-11,Activa
CU336,Monetario,72487,2022-05-17,2026-12-09,Bloqueada
CU337,Monetario,11550,2022-03-02,2025-02-04,Activa
CU338,Monetario,7865,2021-12-12,2026-07-03,Bloqueada
CU339,Ahorro,47057,2023-10-18,2024-03-03,Bloqueada
CU340,Ahorro,10289,2023-04-18,2026-04-08,Bloqueada
CU341,Ahorro,2408,2021-05-04,2024-02-05,Activa
CU342,Ahorro,99171,2021-05-28,2026-06-04,Activa
CU343,Monetario,82697,2021-09-08,,Bloqueada
CU344,Ahorro,99825,2023-02-19,2025-06-28,Bloqueada
CU345,Monetario,58619,2022-11-03,2024-10-14,Bloqueada
CU346,Monetario,64484,2021-12-26,2026-07-06,Bloqueada
CU347,Ahorro,7963,2021-10-28,2026-12-05,Bloqueada
CU348,Ahorro,10502,2020-03-03,2024-06-26,Activa
CU349,Monetario,95580,2021-08-03,2025-07-06,Bloqueada
CU350,Ahorro,7828,2023-03-21,2024-07-03,Bloqueada
CU351,Monetario,10231,2022-05-09,2024-01-10,Bloqueada
CU352,Monetario,81806,2021-12-18,2026-08-05,Activa
CU353,Ahorro,37526,2023-12-14,,Bloqueada
CU354,Ahorro,7848,2020-11-19,2025-04-20,Bloqueada
CU355,Ahorro,23624,2021-02-14,2024-03-17,Bloqueada
CU356,Ahorro,59675,2020-10-11,2025-03-07,Activa
CU357,Monetario,41716,2020-07-25,2026-08-15,Activa
CU358,Monetario,15403,2023-09-03,2024-11-03,Bloqueada
CU359,Ahorro,95688,2023-07-10,2024-05-17,Bloqueada
CU360,Ahorro,6737,2022-12-08,2026-07-27,Bloqueada
CU361,Monetario,43228,2022-12-19,2025-01-08,Bloqueada
CU362,Monetario,7773,2021-08-08,2026-10-22,Bloqueada
CU363,Ahorro,21706,2021-04-08,2026-07-26,Activa
CU364,Monetario,15419,2021-06-19,,Bloqueada
CU365,Ahorro,47301,2023-09-20,,Bloqueada
CU366,Ahorro,67921,2023-11-03,2025-06-05,Activa
CU367,Ahorro,73398,2023-10-23,2024-08-21,Bloqueada
CU368,Monetario,50529,2021-04-23,2026-03-15,Activa
CU369,Monetario,72189,2022-02-15,2025-02-16,Activa
CU370,Monetario,77842,2021-04-12,,Activa
CU371,Monetario,2087,2020-11-21,2024-01-23,Bloqueada
CU372,Monetario,23204,2021-06-15,2025-05-05,Bloqueada
CU373,Ahorro,38799,2023-01-22,2026-01-17,Bloqueada
CU374,Ahorro,94446,2022-02-12,2026-09-12,Bloqueada
CU375,Ahorro,10250,2021-04-10,2025-07-15,Bloqueada
CU376,Monetario,49056,2021-08-24,2024-03-10,Bloqueada
CU377,Ahorro,28140,2023-05-14,2025-05-09,Bloqueada
CU378,Ahorro,79357,2020-06-13,2024-08-18,Bloqueada
CU379,Ahorro,31152,2023-10-18,2025-05-06,Bloqueada
CU380,Monetario,19724,2022-05-08,2024-04-07,Bloqueada
CU381,Ahorro,89448,2020-04-16,2025-04-12,Bloqueada
CU382,Monetario,13846,2023-06-17,2026-09-25,Bloqueada
CU383,Monetario,3382,2022-11-11,2024-08-21,Bloqueada
CU384,Monetario,37351,2021-10-26,2025-07-12,Bloqueada
CU385,Ahorro,8918,2022-02-28,2024-03-18,Bloqueada
CU386,Ahorro,60546,2023-04-25,2025-04-21,Bloqueada
CU387,Monetario,51796,2023-07-24,2025-07-18,Activa
CU388,Ahorro,61799,2022-01-22,,Bloqueada
CU389,Ahorro,29128,2021-05-17,2025-09-21,Activa
CU390,Monetario,12513,2021-04-12,2024-12-06,Bloqueada
CU391,Ahorro,28703,2022-06-08,2025-08-06,Bloqueada
CU392,Ahorro,37921,2022-05-23,2026-09-20,Bloqueada
CU393,Ahorro,73591,2022-11-13,,Bloqueada
CU394,Monetario,9010,2023-08-05,2026-11-08,Activa
CU395,Monetario,50095,2021-06-05,2026-04-24,Bloqueada
CU396,Ahorro,10170,2020-10-21,2025-02-06,Activa
CU397,Ahorro,57677,2020-04-12,,Bloqueada
CU398,Monetario,35248,2023-09-04,2025-05-12,Bloqueada
CU399,Monetario,38937,2023-02-26,,Bloqueada
CU400,Ahorro,75416,2021-10-18,2026-11-19,Bloqueada
CU401,Ahorro,57595,2023-10-23,2025-01-22,Bloqueada
CU402,Ahorro,2372,2023-04-15,2026-11-05,Bloqueada
CU403,Monetario,79094,2020-01-16,2024-02-04,Bloqueada
CU404,Ahorro,9187,2023-04-25,,Bloqueada
CU405,Ahorro,57179,2023-03-23,2025-09-27,Bloqueada
CU406,Ahorro,54555,2021-07-11,2026-04-09,Bloqueada
CU407,Monetario,19941,2023-07-24,2026-05-23,Bloqueada
CU408,Monetario,15102,2021-06-03,2026-09-04,Activa
CU409,Monetario,4203,2021-01-01,2026-08-13,Bloqueada
CU410,Ahorro,1899,2020-05-19,2026-01-03,Bloqueada
CU411,Monetario,27251,2020-10-26,2026-11-20,Bloqueada
CU412,Monetario,21798,2022-04-13,2025-11-21,Bloqueada
CU413,Ahorro,24621,2020-01-13,2025-03-13,Bloqueada
CU414,Monetario,75627,2021-03-27,2026-02-18,Bloqueada
CU415,Monetario,90682,2023-06-16,,Bloqueada
CU416,Monetario,56434,2023-08-24,2025-09-10,Bloqueada
CU417,Monetario,50644,2021-10-01,2025-11-22,Activa
CU418,Ahorro,3836,2022-10-10,2025-11-05,Bloqueada
CU419,Ahorro,51481,2023-02-21,2025-04-28,Bloqueada
CU420,Monetario,56984,2022-04-20,2025-09-03,Bloqueada
CU421,Ahorro,19573,2022-08-20,2024-01-03,Bloqueada
CU422,Ahorro,69774,2020-03-05,2025-05-22,Bloqueada
CU423,Monetario,5793,2023-10-04,2026-08-16,Bloqueada
CU424,Ahorro,28266,2022-07-24,2025-09-07,Bloqueada
CU425,Ahorro,31787,2022-07-27,,Bloqueada
CU426,Monetario,29650,2022-12-02,2026-03-03,Bloqueada
CU427,Monetario,46544,2021-04-01,2024-11-11,Bloqueada
CU428,Monetario,97905,2021-05-03,2025-05-25,Bloqueada
CU429,Ahorro,77940,2021-07-21,2026-10-21,Bloqueada
CU430,Ahorro,46369,2023-11-16,2026-09-05,Bloqueada
CU431,Monetario,13934,2021-08-01,2025-07-20,Bloqueada
CU432,Monetario,75310,2021-08-14,2024-05-15,Bloqueada
CU433,Ahorro,99461,2020-02-02,2025-03-19,Bloqueada
CU434,Ahorro,83594,2020-06-28,2024-10-03,Activa
CU435,Monetario,85775,2020-12-23,,Activa
CU436,Monetario,97531,2023-06-03,2026-12-01,Activa
CU437,Monetario,5252,2023-01-25,2024-09-07,Bloqueada
CU438,Monetario,9500,2023-09-26,2024-07-08,Bloqueada
CU439,Monetario,39450,2022-09-28,2025-12-15,Bloqueada
CU440,Ahorro,56087,2023-11-09,2025-03-10,Bloqueada
CU441,Monetario,44055,2022-04-18,2026-03-14,Bloqueada
CU442,Monetario,7017,2023-03-05,2026-01-04,Bloqueada
CU443,Ahorro,81506,2021-10-14,2025-07-20,Bloqueada
CU444,Ahorro,28706,2022-11-11,,Bloqueada
CU445,Monetario,54189,2023-11-20,,Bloqueada
CU446,Ahorro,61663,2021-12-07,2026-09-26,Bloqueada
CU447,Ahorro,29057,2020-11-27,2026-06-19,Bloqueada
CU448,Monetario,59156,2022-08-07,2024-08-23,Bloqueada
CU449,Monetario,56138,2023-07-26,2024-03-23,Bloqueada
CU450,Ahorro,86956,2021-04-24,,Bloqueada
CU451,Monetario,97635,2023-01-18,2026-09-25,Bloqueada
CU452,Ahorro,42324,2022-09-17,2025-05-10,Bloqueada
CU453,Monetario,33874,2021-09-05,,Bloqueada
CU454,Ahorro,47054,2023-08-24,,Bloqueada
CU455,Monetario,32903,2022-08-04,2025-06-22,Bloqueada
CU456,Monetario,53688,2022-02-02,2025-02-09,Bloqueada
CU457,Monetario,61711,2023-10-07,2026-03-26,Bloqueada
CU458,Ahorro,11253,2023-03-27,2024-06-28,Activa
CU459,Monetario,47148,2022-06-05,2024-11-08,Activa
CU460,Monetario,66377,2021-12-15,,Bloqueada
CU461,Monetario,51868,2020-08-16,2025-07-18,Activa
CU462,Monetario,65176,2022-05-11,2024-09-05,Bloqueada
CU463,Monetario,50341,2023-11-09,2024-07-12,Activa
CU464,Monetario,98227,2022-06-18,2024-12-28,Bloqueada
CU465,Monetario,45758,2020-08-08,2025-08-05,Bloqueada
CU466,Monetario,18844,2021-11-07,2026-08-05,Bloqueada
CU467,Ahorro,62250,2023-09-15,2026-05-13,Bloqueada
CU468,Monetario,77069,2023-03-10,2026-03-08,Bloqueada
CU469,Monetario,72832,2021-09-04,2026-03-24,Activa
CU470,Ahorro,34799,2020-03-18,,Bloqueada
CU471,Monetario,93697,2023-08-27,2024-11-26,Bloqueada
CU472,Ahorro,59571,2020-08-06,2026-01-19,Bloqueada
CU473,Monetario,38991,2023-09-06,2026-12-01,Bloqueada
CU474,Monetario,80015,2023-07-02,2025-05-23,Bloqueada
CU475,Ahorro,52841,2022-02-01,2026-06-04,Bloqueada
CU476,Monetario,57303,2022-11-09,2026-03-10,Bloqueada
CU477,Ahorro,16273,2023-07-27,2024-05-27,Bloqueada
CU478,Monetario,42688,2021-05-04,2024-06-14,Bloqueada
CU479,Monetario,90740,2022-03-23,2025-06-24,Activa
CU480,Ahorro,48425,2022-10-20,,Bloqueada
CU481,Monetario,2497,2020-11-21,,Activa
CU482,Ahorro,69614,2020-09-26,2025-07-08,Activa
CU483,Ahorro,5646,2020-04-14,2024-02-09,Bloqueada
CU484,Ahorro,81432,2020-06-27,,Bloqueada
CU485,Monetario,48131,2020-10-25,,Bloqueada
CU486,Ahorro,73919,2021-04-12,2024-11-15,Bloqueada
CU487,Ahorro,56760,2022-03-08,2025-08-28,Bloqueada
CU488,Ahorro,66496,2020-06-10,2025-07-03,Bloqueada
CU489,Monetario,61397,2022-08-11,2024-01-05,Bloqueada
CU490,Monetario,72473,2023-02-01,,Activa
CU491,Monetario,47452,2023-01-27,2025-02-13,Activa
CU492,Ahorro,52358,2022-07-12,2026-09-03,Bloqueada
CU493,Monetario,50696,2020-01-14,2025-07-18,Bloqueada
CU494,Monetario,61083,2023-11-06,2026-07-14,Bloqueada
CU495,Ahorro,69111,2023-05-23,2024-07-09,Bloqueada
CU496,Ahorro,92014,2023-07-23,2024-08-07,Bloqueada
CU497,Ahorro,39800,2021-10-28,2026-07-08,Activa
CU498,Monetario,58342,2021-02-07,,Bloqueada
CU499,Monetario,73729,2020-01-13,2024-09-25,Bloqueada
CU500,Monetario,5133,2023-08-18,,Bloqueada
CU501,Monetario,35481,2020-10-11,2026-03-24,Activa
CU502,Ahorro,30754,2022-02-21,2025-08-19,Activa
CU503,Ahorro,17826,2023-03-08,2025-04-27,Activa
CU504,Monetario,46402,2021-01-16,2026-11-11,Bloqueada
CU505,Monetario,68804,2021-07-22,2024-10-23,Activa
CU506,Monetario,48890,2020-02-01,2024-05-06,Bloqueada
CU507,Ahorro,11791,2021-11-12,,Bloqueada
CU508,Monetario,75943,2022-08-02,2025-03-22,Activa
CU509,Monetario,61639,2020-04-05,2025-03-05,Bloqueada
CU510,Ahorro,15736,2020-06-24,2026-04-09,Bloqueada
CU511,Monetario,65654,2022-04-02,2025-09-02,Bloqueada
CU512,Ahorro,32539,2021-07-10,2026-05-24,Bloqueada
CU513,Ahorro,15427,2020-10-22,2025-12-10,Bloqueada
CU514,Monetario,9270,2020-02-20,2026-06-13,Bloqueada
CU515,Ahorro,26182,2023-01-07,2025-11-12,Bloqueada
CU516,Monetario,1519,2021-07-23,2026-10-17,Bloqueada
CU517,Ahorro,51516,2020-08-15,2024-04-12,Bloqueada
CU518,Ahorro,26508,2021-12-07,2024-07-10,Bloqueada
CU519,Monetario,50985,2022-04-01,2026-12-16,Bloqueada
CU520,Monetario,96444,2020-07-04,,Bloqueada
CU521,Monetario,18386,2022-12-03,,Bloqueada
CU522,Ahorro,38082,2023-06-09,,Bloqueada
CU523,Ahorro,58632,2021-03-26,,Activa
CU524,Monetario,63133,2022-03-19,,Activa
CU525,Ahorro,56315,2022-03-07,2025-01-05,Bloqueada
CU526,Monetario,82692,2022-05-02,2025-09-25,Activa
CU527,Ahorro,15805,2021-08-07,2024-01-01,Bloqueada
CU528,Monetario,88493,2023-01-14,2025-07-07,Bloqueada
CU529,Ahorro,10428,2023-04-06,2024-01-18,Bloqueada
CU530,Ahorro,94764,2022-04-27,2024-06-10,Bloqueada
CU531,Ahorro,16619,2022-02-15,,Bloqueada
CU532,Ahorro,91292,2022-03-08,2025-02-01,Bloqueada
CU533,Ahorro,57917,2023-08-24,2026-07-06,Bloqueada
CU534,Ahorro,58252,2022-08-05,2024-12-27,Bloqueada
CU535,Monetario,42381,2020-05-13,2025-03-25,Bloqueada
CU536,Monetario,61205,2023-01-20,,Bloqueada
CU537,Monetario,8737,2023-05-05,,Bloqueada
CU538,Monetario,23610,2020-11-05,2026-01-10,Bloqueada
CU539,Monetario,60964,2022-06-13,,Bloqueada
CU540,Monetario,64491,2023-02-01,2026-10-14,Bloqueada
CU541,Ahorro,94848,2023-09-16,2026-05-14,Bloqueada
CU542,Ahorro,76318,2022-06-23,2025-11-26,Bloqueada
CU543,Ahorro,73682,2020-09-03,,Bloqueada
CU544,Monetario,38624,2020-08-24,2024-06-28,Bloqueada
CU545,Monetario,30130,2020-06-11,,Bloqueada
CU546,Ahorro,38680,2021-07-26,2025-11-16,Bloqueada
CU547,Ahorro,1060,2022-10-09,,Bloqueada
CU548,Monetario,58706,2022-08-23,2026-05-11,Bloqueada
CU549,Monetario,71440,2021-03-01,2025-02-04,Activa
CU550,Ahorro,77742,2021-06-13,2024-09-17,Bloqueada
CU551,Ahorro,78859,2023-09-14,2025-08-12,Bloqueada
CU552,Ahorro,95918,2023-12-12,2026-05-12,Bloqueada
CU553,Monetario,66402,2022-06-08,2025-07-21,Bloqueada
CU554,Monetario,40642,2022-01-18,,Bloqueada
CU555,Monetario,73767,2022-02-24,2026-11-04,Bloqueada
CU556,Ahorro,94385,2021-08-04,,Bloqueada
CU557,Monetario,24900,2020-11-25,2025-09-19,Activa
CU558,Monetario,84752,2020-10-19,,Bloqueada
CU559,Monetario,62342,2021-12-23,,Activa
CU560,Monetario,23929,2023-01-05,2025-05-19,Bloqueada
CU561,Ahorro,44714,2023-04-05,,Bloqueada
CU562,Monetario,56850,2021-05-17,2025-01-18,Bloqueada
CU563,Monetario,63148,2022-01-05,2024-02-13,Bloqueada
CU564,Ahorro,29982,2020-01-28,2026-03-11,Bloqueada
CU565,Monetario,39931,2023-04-17,,Bloqueada
CU566,Monetario,36754,2023-03-17,,Bloqueada
CU567,Ahorro,71977,2021-12-22,,Bloqueada
CU568,Ahorro,83214,2020-11-22,2024-06-22,Bloqueada
CU569,Monetario,68747,2022-12-24,2026-03-22,Bloqueada
CU570,Monetario,84492,2022-10-26,2026-02-11,Bloqueada
CU571,Monetario,60724,2022-08-15,2024-02-12,Bloqueada
CU572,Monetario,38026,2021-04-14,2025-02-16,Bloqueada
CU573,Ahorro,85259,2022-02-07,2026-08-12,Activa
CU574,Monetario,58489,2021-10-10,2024-01-25,Bloqueada
CU575,Ahorro,46982,2022-03-07,,Bloqueada
CU576,Monetario,95746,2021-12-02,2026-06-10,Bloqueada
CU577,Ahorro,45417,2022-04-14,2025-11-10,Bloqueada
CU578,Monetario,79247,2020-01-27,2024-01-10,Activa
CU579,Ahorro,57929,2020-05-04,2025-08-28,Bloqueada
CU580,Monetario,33836,2020-06-21,2025-11-19,Bloqueada
CU581,Monetario,63422,2022-02-03,2026-11-02,Bloqueada
CU582,Monetario,7360,2020-06-04,,Bloqueada
CU583,Ahorro,70716,2022-06-20,2025-05-20,Activa
CU584,Monetario,37995,2020-09-11,,Bloqueada
CU585,Monetario,45806,2020-07-06,,Activa
CU586,Ahorro,51122,2023-09-07,,Bloqueada
CU587,Monetario,40836,2022-08-06,2026-10-21,Bloqueada
CU588,Ahorro,60779,2022-04-02,,Bloqueada
CU589,Monetario,60053,2020-06-08,2026-05-01,Bloqueada
CU590,Monetario,26487,2023-11-19,2024-05-15,Bloqueada
CU591,Ahorro,3996,2023-07-01,2026-07-17,Bloqueada
CU592,Ahorro,10564,2023-09-08,2026-03-17,Bloqueada
CU593,Monetario,60773,2022-11-16,2026-03-09,Activa
CU594,Ahorro,50437,2023-11-12,2024-12-27,Bloqueada
CU595,Ahorro,19850,2022-03-06,,Bloqueada
CU596,Monetario,73633,2022-01-01,2024-04-07,Bloqueada
CU597,Ahorro,28876,2022-05-08,,Activa
CU598,Monetario,65574,2022-01-23,,Bloqueada
CU599,Ahorro,11940,2021-10-05,2025-04-09,Activa
CU600,Monetario,25823,2021-08-13,2025-08-09,Bloqueada
CU601,Ahorro,79835,2021-06-19,,Bloqueada
CU602,Monetario,25622,2021-10-21,2026-11-22,Bloqueada
CU603,Monetario,74412,2023-07-18,2025-04-05,Activa
CU604,Ahorro,36992,2023-07-01,2025-07-03,Bloqueada
CU605,Ahorro,36688,2022-01-09,2024-01-23,Activa
CU606,Ahorro,11915,2022-12-19,,Bloqueada
CU607,Monetario,35081,2022-02-23,2025-05-25,Bloqueada
CU608,Monetario,95723,2021-03-05,2024-03-10,Bloqueada
CU609,Monetario,82729,2020-04-19,2025-03-12,Bloqueada
CU610,Monetario,29414,2021-02-21,2024-09-08,Bloqueada
CU611,Ahorro,72177,2021-06-16,,Bloqueada
CU612,Ahorro,73489,2022-08-10,2025-03-07,Bloqueada
CU613,Ahorro,8090,2022-11-12,2024-12-07,Bloqueada
CU614,Monetario,77754,2023-03-01,2025-02-17,Activa
CU615,Ahorro,70473,2023-05-13,2026-09-12,Activa
CU616,Monetario,42823,2023-02-17,2024-10-27,Bloqueada
CU617,Ahorro,79325,2020-06-20,,Bloqueada
CU618,Monetario,44770,2022-01-05,,Activa
CU619,Monetario,78879,2022-01-14,,Bloqueada
CU620,Ahorro,3775,2022-06-02,2024-08-13,Bloqueada
CU621,Ahorro,51129,2023-05-15,2025-11-16,Bloqueada
CU622,Ahorro,17142,2023-01-10,2026-01-26,Activa
CU623,Monetario,17925,2020-11-04,2024-09-23,Bloqueada
CU624,Monetario,98654,2021-01-08,2025-09-04,Bloqueada
CU625,Ahorro,31995,2020-02-06,2024-05-28,Bloqueada
CU626,Ahorro,87725,2020-11-15,2025-01-06,Activa
CU627,Ahorro,35557,2021-07-24,2024-11-04,Bloqueada
CU628,Monetario,1521,2022-02-03,2025-06-26,Bloqueada
CU629,Ahorro,75918,2022-11-23,,Bloqueada
CU630,Monetario,35502,2021-09-09,2026-04-26,Bloqueada
CU631,Ahorro,64826,2023-11-26,,Bloqueada
CU632,Monetario,85303,2023-01-22,,Bloqueada
CU633,Ahorro,59686,2022-01-18,,Bloqueada
CU634,Ahorro,51733,2020-04-05,2024-10-22,Bloqueada
CU635,Ahorro,30928,2022-04-06,2026-11-14,Bloqueada
CU636,Ahorro,83790,2020-05-18,2026-07-10,Activa
CU637,Monetario,40859,2023-08-07,2026-08-10,Bloqueada
CU638,Monetario,18662,2023-06-16,2026-04-11,Bloqueada
CU639,Monetario,52973,2023-07-02,2024-10-24,Bloqueada
CU640,Monetario,71335,2021-01-06,,Bloqueada
CU641,Ahorro,41021,2021-09-20,2025-02-18,Bloqueada
CU642,Monetario,24919,2022-03-16,2024-10-24,Bloqueada
CU643,Monetario,68015,2023-08-05,,Bloqueada
CU644,Ahorro,33965,2022-03-10,,Bloqueada
CU645,Ahorro,44416,2023-09-23,2025-04-18,Activa
CU646,Monetario,73355,2023-03-07,,Bloqueada
CU647,Ahorro,78081,2022-04-27,,Bloqueada
CU648,Ahorro,51768,2022-04-05,2025-03-24,Bloqueada
CU649,Ahorro,78939,2023-05-03,,Bloqueada
CU650,Monetario,80180,2023-07-06,2025-08-16,Bloqueada
CU651,Ahorro,65292,2022-06-09,2025-02-26,Bloqueada
CU652,Monetario,66218,2023-06-22,2024-06-21,Activa
CU653,Ahorro,66985,2022-12-13,,Bloqueada
CU654,Ahorro,13281,2022-02-13,2026-06-25,Bloqueada
CU655,Ahorro,49755,2022-06-08,2024-10-21,Activa
CU656,Monetario,67878,2021-09-27,2026-05-09,Bloqueada
CU657,Monetario,32714,2022-02-26,,Bloqueada
CU658,Ahorro,17377,2023-09-07,2025-05-11,Bloqueada
CU659,Ahorro,6236,2021-01-06,2025-09-02,Bloqueada
CU660,Ahorro,60137,2020-07-11,2026-04-11,Bloqueada
CU661,Monetario,52120,2020-12-22,,Bloqueada
CU662,Monetario,84290,2021-01-01,2026-12-14,Activa
CU663,Monetario,26920,2023-06-12,2024-10-09,Bloqueada
CU664,Ahorro,34744,2021-11-15,2024-05-15,Bloqueada
CU665,Monetario,6928,2021-11-04,2026-09-24,Bloqueada
CU666,Ahorro,66364,2022-03-08,2024-03-27,Activa
CU667,Ahorro,35332,2022-10-03,2024-06-13,Bloqueada
CU668,Monetario,90170,2020-07-17,2025-11-12,Bloqueada
CU669,Monetario,18124,2020-06-17,2026-08-19,Bloqueada
CU670,Ahorro,11947,2020-09-21,,Bloqueada
CU671,Ahorro,12487,2020-04-24,2024-04-17,Bloqueada
CU672,Ahorro,36713,2020-04-18,,Bloqueada
CU673,Monetario,85567,2021-12-28,2025-11-03,Activa
CU674,Ahorro,76501,2021-06-10,2025-03-02,Bloqueada
CU675,Monetario,17119,2022-11-03,2024-10-17,Bloqueada
CU676,Monetario,12866,2023-12-28,,Bloqueada
CU677,Monetario,69306,2023-10-06,2024-10-13,Bloqueada
CU678,Ahorro,93572,2023-04-14,2024-09-11,Bloqueada
CU679,Monetario,12070,2023-10-25,2026-08-18,Activa
CU680,Monetario,35036,2020-09-14,2024-11-16,Bloqueada
CU681,Monetario,77353,2021-01-18,2024-04-16,Bloqueada
CU682,Ahorro,78337,2022-09-08,2025-10-20,Activa
CU683,Monetario,81221,2023-04-08,2026-02-19,Bloqueada
CU684,Monetario,69170,2021-09-17,2025-02-27,Bloqueada
CU685,Monetario,35167,2021-11-26,2026-06-23,Bloqueada
CU686,Ahorro,40809,2020-10-04,,Bloqueada
CU687,Ahorro,27663,2020-04-25,2025-12-05,Bloqueada
CU688,Ahorro,44724,2020-05-18,2024-10-16,Bloqueada
CU689,Ahorro,88943,2022-04-05,2024-12-09,Activa
CU690,Monetario,18505,2020-10-06,,Bloqueada
CU691,Ahorro,6623,2022-09-21,,Activa
CU692,Ahorro,82837,2020-09-19,2024-08-07,Bloqueada
CU693,Monetario,47558,2020-04-15,,Bloqueada
CU694,Monetario,86805,2020-07-22,,Bloqueada
CU695,Monetario,54756,2023-03-24,2026-11-22,Bloqueada
CU696,Ahorro,10843,2023-06-02,,Bloqueada
CU697,Ahorro,44696,2021-04-21,2026-06-26,Activa
CU698,Ahorro,44494,2022-12-01,2025-04-08,Bloqueada
CU699,Ahorro,69020,2023-07-23,2026-12-28,Bloqueada
CU700,Monetario,22390,2022-07-09,2025-02-08,Bloqueada
CU701,Monetario,84016,2022-05-13,,Bloqueada
CU702,Monetario,19392,2020-03-01,2024-12-12,Bloqueada
CU703,Monetario,36544,2022-02-06,2026-02-18,Bloqueada
CU704,Monetario,20003,2022-11-04,2025-07-14,Bloqueada
CU705,Monetario,54856,2020-07-24,2025-02-26,Bloqueada
CU706,Monetario,84435,2023-07-10,2025-12-25,Bloqueada
CU707,Ahorro,98164,2023-06-28,,Bloqueada
CU708,Ahorro,33030,2020-12-19,2026-05-18,Bloqueada
CU709,Ahorro,13243,2022-12-18,2025-12-14,Bloqueada
CU710,Monetario,2298,2022-07-28,2026-05-03,Bloqueada
CU711,Ahorro,7902,2021-11-22,,Bloqueada
CU712,Ahorro,35926,2023-03-24,2026-07-15,Bloqueada
CU713,Ahorro,24839,2020-12-07,2025-08-20,Bloqueada
CU714,Monetario,66023,2021-03-24,2026-06-06,Bloqueada
CU715,Monetario,15048,2021-06-02,,Bloqueada
CU716,Ahorro,68244,2023-11-04,2025-02-12,Bloqueada
CU717,Monetario,79114,2021-04-04,2024-03-10,Bloqueada
CU718,Ahorro,71125,2021-06-17,2025-05-11,Bloqueada
CU719,Monetario,85215,2021-03-12,,Bloqueada
CU720,Monetario,17314,2021-05-12,2024-12-02,Bloqueada
CU721,Ahorro,15958,2021-07-10,2024-08-11,Bloqueada
CU722,Ahorro,23405,2021-01-19,2026-06-27,Activa
CU723,Ahorro,94990,2020-02-26,2024-10-02,Bloqueada
CU724,Monetario,77345,2023-01-24,2024-12-07,Bloqueada
CU725,Monetario,89198,2020-03-04,2024-11-07,Bloqueada
CU726,Monetario,76629,2021-11-07,2025-01-12,Activa
CU727,Ahorro,65603,2022-01-01,2026-05-15,Bloqueada
CU728,Monetario,69730,2021-12-09,2025-04-16,Bloqueada
CU729,Monetario,88374,2020-07-06,2025-02-27,Activa
CU730,Monetario,44675,2023-03-28,2024-09-12,Bloqueada
CU731,Ahorro,14661,2021-09-20,2026-12-07,Bloqueada
CU732,Ahorro,45466,2021-06-10,2026-10-14,Activa
CU733,Ahorro,83685,2021-07-26,2024-05-04,Bloqueada
CU734,Ahorro,99977,2023-02-12,2026-12-25,Bloqueada
CU735,Monetario,55642,2020-03-23,2024-06-17,Activa
CU736,Ahorro,47551,2021-05-03,2025-03-23,Bloqueada
CU737,Ahorro,79341,2020-08-19,2025-09-14,Activa
CU738,Monetario,99821,2021-02-05,2026-06-19,Activa
CU739,Monetario,65516,2022-12-23,,Bloqueada
CU740,Ahorro,97327,2021-09-02,2025-05-15,Bloqueada
CU741,Ahorro,68537,2023-08-01,2024-04-13,Activa
CU742,Ahorro,98781,2020-02-01,2025-05-09,Bloqueada
CU743,Ahorro,11972,2021-08-21,2024-02-26,Bloqueada
CU744,Ahorro,93856,2020-06-06,,Bloqueada
CU745,Ahorro,95708,2022-02-27,2025-09-02,Bloqueada
CU746,Monetario,97664,2023-12-26,2024-01-22,Bloqueada
CU747,Ahorro,61876,2020-02-26,2026-04-22,Bloqueada
CU748,Ahorro,75969,2021-11-06,2026-02-11,Bloqueada
CU749,Monetario,14720,2020-07-05,,Bloqueada
CU750,Monetario,81803,2022-07-14,2024-12-22,Bloqueada
CU751,Ahorro,10224,2023-12-13,,Bloqueada
CU752,Ahorro,96726,2023-04-03,2024-06-22,Bloqueada
CU753,Ahorro,58840,2022-04-09,2025-03-26,Activa
CU754,Ahorro,42274,2023-01-27,2024-01-19,Bloqueada
CU755,Ahorro,44937,2020-06-28,2026-06-17,Bloqueada
CU756,Monetario,14722,2020-08-23,2026-02-06,Bloqueada
CU757,Ahorro,16519,2022-04-18,2024-10-09,Bloqueada
CU758,Ahorro,54508,2022-03-06,2025-06-19,Bloqueada
CU759,Ahorro,99702,2023-09-27,2024-08-19,Bloqueada
CU760,Ahorro,22361,2021-05-12,2026-12-20,Bloqueada
CU761,Monetario,47250,2021-10-06,2025-08-19,Bloqueada
CU762,Monetario,55193,2021-07-06,2024-10-21,Bloqueada
CU763,Monetario,80402,2021-08-19,2024-06-04,Bloqueada
CU764,Monetario,99283,2021-06-07,,Bloqueada
CU765,Monetario,13659,2020-02-01,2024-08-14,Bloqueada
CU766,Ahorro,4373,2020-08-26,2024-07-13,Bloqueada
CU767,Ahorro,18152,2021-05-03,2026-07-21,Bloqueada
CU768,Monetario,37762,2021-05-22,,Bloqueada
CU769,Monetario,58571,2021-03-02,2026-08-06,Bloqueada
CU770,Monetario,6743,2023-10-27,2025-09-24,Activa
CU771,Monetario,51383,2022-10-01,2025-07-28,Bloqueada
CU772,Monetario,40056,2020-11-18,2025-09-02,Bloqueada
CU773,Monetario,29406,2021-12-16,,Bloqueada
CU774,Ahorro,41496,2022-09-16,2026-01-24,Activa
CU775,Monetario,66596,2023-07-27,,Bloqueada
CU776,Ahorro,62335,2021-08-08,2026-07-09,Bloqueada
CU777,Monetario,83439,2023-04-10,,Activa
CU778,Ahorro,51126,2023-11-26,,Activa
CU779,Ahorro,65754,2023-11-09,2025-01-16,Bloqueada
CU780,Ahorro,70584,2023-02-24,2025-03-14,Bloqueada
CU781,Monetario,8163,2021-11-10,2024-05-25,Bloqueada
CU782,Monetario,61455,2020-01-11,2024-11-24,Bloqueada
CU783,Ahorro,78005,2023-12-22,2026-05-25,Bloqueada
CU784,Monetario,82247,2023-01-15,2025-06-03,Bloqueada
CU785,Ahorro,90951,2021-08-11,,Bloqueada
CU786,Monetario,5831,2022-02-05,2024-11-26,Bloqueada
CU787,Ahorro,4562,2021-05-02,2026-01-07,Bloqueada
CU788,Monetario,31282,2021-11-02,2026-08-10,Bloqueada
CU789,Ahorro,52779,2021-06-24,2025-04-21,Bloqueada
CU790,Monetario,86806,2021-11-01,2024-11-07,Activa
CU791,Monetario,34957,2023-05-04,,Activa
CU792,Monetario,59684,2021-06-12,2026-07-14,Bloqueada
CU793,Monetario,29212,2021-10-22,2025-05-17,Activa
CU794,Ahorro,47526,2020-05-25,2025-10-07,Bloqueada
CU795,Monetario,3065,2020-06-13,2024-01-24,Bloqueada
CU796,Monetario,54957,2021-02-27,2025-06-13,Bloqueada
CU797,Ahorro,5609,2020-10-15,2026-04-16,Bloqueada
CU798,Ahorro,25356,2022-05-05,2024-02-10,Activa
CU799,Ahorro,8226,2022-06-28,,Bloqueada
CU800,Ahorro,27463,2021-03-11,2025-02-12,Bloqueada
CU801,Ahorro,90937,2023-06-16,2026-05-18,Bloqueada
CU802,Ahorro,16152,2021-03-08,2026-02-13,Bloqueada
CU803,Ahorro,23910,2022-12-11,2026-12-08,Bloqueada
CU804,Monetario,1047,2021-02-13,,Activa
CU805,Ahorro,73535,2021-05-21,,Bloqueada
CU806,Monetario,54278,2020-03-05,2026-09-13,Bloqueada
CU807,Ahorro,69333,2022-12-09,2024-06-01,Bloqueada
CU808,Monetario,21468,2020-01-08,2026-09-15,Bloqueada
CU809,Monetario,42324,2021-03-13,2025-05-27,Bloqueada
CU810,Monetario,73160,2022-04-06,2025-01-20,Activa
CU811,Monetario,57122,2020-04-03,2025-07-08,Activa
CU812,Monetario,73063,2021-05-25,2025-05-06,Activa
CU813,Monetario,81688,2021-05-05,2024-11-24,Bloqueada
CU814,Ahorro,10944,2021-11-16,2025-03-27,Activa
CU815,Monetario,67377,2021-08-04,2024-07-16,Bloqueada
CU816,Monetario,29475,2020-04-01,2025-07-22,Bloqueada
CU817,Monetario,57398,2021-06-16,,Bloqueada
CU818,Monetario,1021,2020-12-27,2026-10-01,Bloqueada
CU819,Ahorro,39273,2020-12-07,2024-03-04,Activa
CU820,Monetario,61213,2020-09-02,2026-06-14,Bloqueada
CU821,Monetario,66792,2021-09-08,2026-09-16,Activa
CU822,Monetario,18333,2023-11-27,2025-03-08,Bloqueada
CU823,Monetario,87682,2021-02-02,,Bloqueada
CU824,Ahorro,58406,2022-09-08,,Bloqueada
CU825,Ahorro,6575,2021-05-05,2025-01-19,Bloqueada
CU826,Monetario,95695,2022-11-03,2026-05-14,Activa
CU827,Monetario,5473,2023-09-03,2024-12-06,Bloqueada
CU828,Monetario,39458,2020-04-21,2025-10-23,Bloqueada
CU829,Ahorro,9827,2021-07-11,2024-10-18,Bloqueada
CU830,Monetario,51906,2021-06-07,,Bloqueada
CU831,Monetario,7498,2022-09-04,,Bloqueada
CU832,Monetario,32449,2021-04-09,2025-02-25,Activa
CU833,Ahorro,59083,2023-03-21,2024-04-04,Activa
CU834,Monetario,64519,2022-05-21,2024-08-06,Activa
CU835,Ahorro,61944,2022-04-26,2024-09-21,Bloqueada
CU836,Ahorro,77186,2021-02-16,2026-08-05,Bloqueada
CU837,Monetario,6249,2023-04-21,,Bloqueada
CU838,Monetario,61941,2023-10-02,,Activa
CU839,Ahorro,1702,2021-08-23,,Activa
CU840,Monetario,66805,2022-02-02,2024-07-04,Bloqueada
CU841,Ahorro,74307,2023-09-14,,Bloqueada
CU842,Monetario,4413,2020-05-03,,Bloqueada
CU843,Ahorro,14318,2020-01-21,2024-10-03,Bloqueada
CU844,Ahorro,44844,2023-06-05,2024-10-03,Bloqueada
CU845,Monetario,30396,2022-12-05,,Bloqueada
CU846,Ahorro,62946,2022-07-09,2024-08-27,Bloqueada
CU847,Monetario,9548,2023-11-03,2026-09-28,Bloqueada
CU848,Ahorro,12896,2020-04-14,2024-05-15,Bloqueada
CU849,Ahorro,45866,2021-11-01,2026-07-10,Bloqueada
CU850,Ahorro,47469,2022-04-05,2026-04-24,Bloqueada
CU851,Ahorro,91487,2023-11-09,2025-02-03,Bloqueada
CU852,Ahorro,51811,2021-11-05,2026-12-24,Bloqueada
CU853,Ahorro,73126,2023-04-17,,Bloqueada
CU854,Ahorro,51184,2023-06-18,2026-06-18,Bloqueada
CU855,Monetario,43178,2023-07-23,2026-09-23,Activa
CU856,Monetario,98807,2020-01-21,2025-05-14,Bloqueada
CU857,Monetario,32774,2022-12-28,2024-08-10,Bloqueada
CU858,Monetario,46146,2022-03-27,,Bloqueada
CU859,Ahorro,89213,2020-01-19,2026-05-07,Activa
CU860,Monetario,75535,2023-12-07,2025-03-20,Bloqueada
CU861,Ahorro,51972,2022-04-08,2025-12-22,Bloqueada
CU862,Monetario,81628,2020-02-07,2024-01-16,Bloqueada
CU863,Ahorro,22269,2021-05-06,2024-12-15,Bloqueada
CU864,Monetario,4657,2022-12-25,2024-09-18,Activa
CU865,Ahorro,68402,2022-09-06,,Bloqueada
CU866,Monetario,56724,2021-12-09,2025-08-19,Activa
CU867,Monetario,14129,2021-05-24,2025-05-16,Bloqueada
CU868,Ahorro,64633,2023-10-07,2025-10-23,Bloqueada
CU869,Ahorro,36031,2023-01-26,2024-08-21,Activa
CU870,Ahorro,54311,2022-05-07,2025-10-14,Bloqueada
CU871,Monetario,68902,2023-04-16,,Bloqueada
CU872,Ahorro,30405,2022-04-28,,Activa
CU873,Monetario,25726,2020-10-21,2025-01-28,Bloqueada
CU874,Ahorro,3571,2023-06-13,,Bloqueada
CU875,Ahorro,15615,2020-11-20,2026-11-06,Bloqueada
CU876,Monetario,18148,2020-10-10,2025-01-13,Bloqueada
CU877,Monetario,68325,2023-05-10,,Bloqueada
CU878,Ahorro,47877,2020-12-06,2024-11-23,Bloqueada
CU879,Ahorro,11994,2021-03-27,2025-10-08,Bloqueada
CU880,Ahorro,10092,2020-09-18,2024-04-12,Bloqueada
CU881,Monetario,59237,2023-11-02,2025-04-04,Bloqueada
CU882,Ahorro,64279,2021-11-17,2025-04-03,Bloqueada
CU883,Ahorro,49563,2022-09-02,2024-04-05,Bloqueada
CU884,Ahorro,34555,2021-01-18,,Bloqueada
CU885,Ahorro,63121,2021-12-03,,Bloqueada
CU886,Ahorro,10820,2020-09-02,2024-09-12,Bloqueada
CU887,Monetario,5047,2021-05-13,2024-12-23,Activa
CU888,Monetario,71640,2022-01-02,,Bloqueada
CU889,Ahorro,54080,2021-06-08,2026-09-03,Bloqueada
CU890,Ahorro,12429,2023-06-26,2024-01-10,Bloqueada
CU891,Monetario,12213,2020-07-27,2024-07-11,Activa
CU892,Monetario,72881,2020-05-21,2024-02-18,Bloqueada
CU893,Monetario,18462,2022-01-11,2025-08-03,Bloqueada
CU894,Ahorro,65928,2020-09-21,,Bloqueada
CU895,Monetario,9843,2023-03-02,2024-04-25,Bloqueada
CU896,Ahorro,65355,2022-01-22,2026-05-28,Bloqueada
CU897,Ahorro,44872,2020-07-07,2024-09-09,Bloqueada
CU898,Monetario,36437,2023-11-04,2026-10-06,Bloqueada
CU899,Ahorro,5681,2020-04-10,2024-03-20,Bloqueada
CU900,Monetario,35938,2021-06-05,2024-11-21,Bloqueada
CU901,Monetario,82263,2023-04-21,2026-04-11,Activa
CU902,Ahorro,26626,2021-07-21,,Bloqueada
CU903,Monetario,6269,2023-05-09,2026-06-26,Activa
CU904,Monetario,6895,2020-03-21,2025-08-20,Bloqueada
CU905,Ahorro,16674,2022-01-04,,Bloqueada
CU906,Ahorro,55096,2022-06-10,,Activa
CU907,Monetario,82550,2020-01-03,2025-04-16,Bloqueada
CU908,Ahorro,70249,2020-02-21,2025-05-01,Bloqueada
CU909,Ahorro,58851,2020-08-14,2026-06-10,Bloqueada
CU910,Ahorro,42786,2020-08-26,2026-05-19,Activa
CU911,Ahorro,40517,2020-02-16,2026-08-27,Bloqueada
CU912,Ahorro,84826,2023-01-05,2024-10-12,Activa
CU913,Ahorro,38234,2021-07-22,2026-01-07,Bloqueada
CU914,Ahorro,3454,2021-08-05,2024-02-20,Bloqueada
CU915,Ahorro,71526,2021-11-23,2025-01-16,Bloqueada
CU916,Monetario,6776,2022-11-07,2025-01-02,Bloqueada
CU917,Monetario,16508,2020-08-04,2025-10-08,Bloqueada
CU918,Ahorro,38258,2022-05-06,2025-01-18,Activa
CU919,Monetario,57335,2022-04-21,,Bloqueada
CU920,Monetario,74717,2022-03-09,2024-11-05,Bloqueada
CU921,Monetario,21538,2023-08-27,2026-04-22,Bloqueada
CU922,Ahorro,87029,2020-04-06,2024-01-28,Bloqueada
CU923,Ahorro,42215,2021-07-03,2025-02-06,Bloqueada
CU924,Monetario,14727,2023-11-26,2024-08-26,Activa
CU925,Monetario,95157,2021-08-05,,Activa
CU926,Monetario,59632,2023-12-12,2024-10-16,Activa
CU927,Ahorro,55566,2023-04-24,,Bloqueada
CU928,Ahorro,9484,2021-01-26,2024-05-12,Bloqueada
CU929,Ahorro,45212,2022-08-03,2024-11-03,Bloqueada
CU930,Ahorro,55361,2022-12-28,2025-05-15,Activa
CU931,Ahorro,80271,2021-02-05,2024-03-18,Bloqueada
CU932,Ahorro,80397,2022-04-21,2024-12-06,Activa
CU933,Ahorro,66675,2022-11-21,2026-09-04,Activa
CU934,Monetario,1143,2022-12-04,2024-08-26,Bloqueada
CU935,Monetario,11740,2022-05-03,2026-07-12,Bloqueada
CU936,Monetario,2405,2020-12-27,2025-11-02,Activa
CU937,Monetario,36287,2020-02-09,2026-09-09,Bloqueada
CU938,Monetario,74424,2021-05-03,2025-02-04,Bloqueada
CU939,Ahorro,62787,2022-07-08,2024-07-24,Bloqueada
CU940,Monetario,22991,2022-10-28,2025-12-10,Activa
CU941,Ahorro,48342,2022-11-13,2024-09-28,Bloqueada
CU942,Monetario,38243,2020-01-08,2024-08-26,Bloqueada
CU943,Monetario,71460,2022-03-04,2025-11-12,Bloqueada
CU944,Monetario,7356,2021-07-28,2026-07-01,Bloqueada
CU945,Ahorro,10528,2021-11-17,2026-03-08,Bloqueada
CU946,Ahorro,61186,2023-04-28,2024-04-11,Bloqueada
CU947,Ahorro,1280,2022-06-08,2025-01-19,Bloqueada
CU948,Ahorro,72220,2020-03-11,2025-07-10,Bloqueada
CU949,Monetario,2852,2020-04-08,2026-02-20,Bloqueada
CU950,Monetario,72829,2020-01-10,2024-02-03,Bloqueada
CU951,Monetario,39109,2020-09-17,2026-08-07,Bloqueada
CU952,Ahorro,47205,2021-08-24,2024-08-27,Bloqueada
CU953,Ahorro,80732,2023-02-27,2025-10-03,Bloqueada
CU954,Monetario,36126,2022-06-05,2026-08-07,Bloqueada
CU955,Monetario,42545,2020-01-21,,Bloqueada
CU956,Monetario,21923,2020-05-20,2024-01-25,Activa
CU957,Ahorro,5145,2023-03-19,2025-12-25,Activa
CU958,Ahorro,67216,2023-07-06,2024-05-06,Activa
CU959,Monetario,63336,2022-04-09,2025-06-18,Bloqueada
CU960,Monetario,98878,2020-01-27,,Bloqueada
CU961,Monetario,8938,2023-05-17,2026-04-18,Bloqueada
CU962,Ahorro,97728,2023-07-07,2024-01-27,Bloqueada
CU963,Ahorro,51765,2020-04-04,2025-07-05,Bloqueada
CU964,Monetario,67864,2022-03-13,2025-01-24,Bloqueada
CU965,Ahorro,62585,2023-03-22,,Bloqueada
CU966,Ahorro,7679,2023-07-21,2025-10-01,Bloqueada
CU967,Monetario,59222,2020-11-15,2025-12-28,Bloqueada
CU968,Monetario,67665,2021-07-09,,Activa
CU969,Monetario,87334,2023-04-22,2026-05-18,Bloqueada
CU970,Monetario,32380,2022-04-07,2024-04-26,Bloqueada
CU971,Ahorro,98196,2021-07-15,2025-02-11,Bloqueada
CU972,Monetario,27111,2022-05-22,2026-05-25,Bloqueada
CU973,Ahorro,78102,2022-10-06,2025-08-22,Bloqueada
CU974,Ahorro,95145,2020-11-09,2026-01-01,Bloqueada
CU975,Monetario,3621,2021-12-11,2025-09-09,Bloqueada
CU976,Ahorro,59587,2022-09-23,2026-06-08,Bloqueada
CU977,Monetario,81162,2023-12-06,2024-07-18,Bloqueada
CU978,Ahorro,29248,2020-03-03,2024-03-08,Activa
CU979,Ahorro,21399,2022-10-23,2025-03-05,Bloqueada
CU980,Monetario,65363,2022-03-19,,Activa
CU981,Ahorro,12273,2023-10-14,,Bloqueada
CU982,Monetario,69762,2022-12-20,2025-03-25,Bloqueada
CU983,Ahorro,10954,2023-01-13,2024-04-07,Activa
CU984,Monetario,78838,2020-12-17,2025-09-24,Bloqueada
CU985,Ahorro,3440,2020-01-04,2025-12-06,Bloqueada
CU986,Monetario,87605,2022-03-28,2026-05-09,Bloqueada
CU987,Ahorro,3216,2021-03-01,2026-02-17,Bloqueada
CU988,Ahorro,5340,2021-02-28,2024-10-17,Bloqueada
CU989,Ahorro,39738,2020-02-27,2024-08-18,Bloqueada
CU990,Monetario,15631,2021-08-13,2025-02-22,Bloqueada
CU991,Ahorro,73008,2023-07-08,2024-05-08,Bloqueada
CU992,Ahorro,26517,2023-12-20,2024-03-11,Bloqueada
CU993,Ahorro,71713,2022-01-01,2026-04-22,Activa
CU994,Ahorro,35076,2020-06-26,2025-11-13,Bloqueada
CU995,Monetario,66662,2021-06-13,,Activa
CU996,Monetario,58761,2023-03-20,2026-11-07,Activa
CU997,Ahorro,35174,2021-06-10,2024-09-18,Bloqueada
CU998,Ahorro,99006,2022-09-13,,Bloqueada
CU999,Ahorro,57877,2021-11-17,2026-09-08,Bloqueada
CU1000,Monetario,28504,2021-10-19,2024-10-26,Activa
CU1001,Monetario,85710,2021-09-28,2026-04-06,Bloqueada
CU1002,Ahorro,13709,2022-02-06,2025-08-11,Bloqueada
CU1003,Ahorro,9696,2020-11-13,,Activa
CU1004,Ahorro,28787,2020-08-04,2025-09-28,Bloqueada
CU1005,Ahorro,72339,2020-12-16,2025-09-27,Bloqueada
CU1006,Monetario,69504,2021-03-24,2025-01-25,Bloqueada
