id_tarjeta,tipo,contactless,marca,fecha_expiracion,estado,numero
TAR1,Débito,true,Visa,2027-04-01,Activa,3325-9309-3723-6271
TAR2,Crédito,true,MasterCard,2026-10-01,Activa,6241-4819-5025-7311
TAR3,Crédito,true,MasterCard,2029-06-01,Activa,4007-8518-3621-7769
TAR4,Crédito,true,MasterCard,2029-12-01,Activa,8435-3518-2184-8308
TAR5,Débito,false,MasterCard,2027-06-01,Bloqueada,5923-1172-1258-7018
TAR6,Débito,true,Visa,2028-04-01,Activa,5538-9986-2222-1594
TAR7,Débito,true,AmericanExpress,2027-07-01,Activa,9584-7206-3195-5278
TAR8,Crédito,true,Visa,2026-07-01,Activa,2933-8227-8146-5144
TAR9,Crédito,true,AmericanExpress,2028-07-01,Activa,2583-8205-8531-5688
TAR10,Crédito,false,AmericanExpress,2026-06-01,Activa,9454-4296-2077-9891
TAR11,Crédito,true,AmericanExpress,2025-03-01,Activa,9719-9081-6748-5926
TAR12,Débito,true,MasterCard,2027-07-01,Activa,8707-9740-2244-7830
TAR13,Crédito,true,Visa,2025-11-01,Activa,4770-3295-1193-2603
TAR14,Crédito,false,AmericanExpress,2027-09-01,Activa,5035-5211-4158-5359
TAR15,Crédito,false,AmericanExpress,2026-03-01,Activa,5967-6449-5275-8502
TAR16,Crédito,false,MasterCard,2028-07-01,Activa,4289-6904-4719-8090
TAR17,Crédito,true,MasterCard,2027-06-01,Activa,7552-2935-4805-7754
TAR18,Débito,true,AmericanExpress,2027-03-01,Activa,3038-1887-1602-3719
TAR19,Débito,false,Visa,2028-06-01,Activa,5587-1314-1457-6725
TAR20,Crédito,false,Visa,2026-05-01,Activa,5292-9221-4569-8439
TAR21,Débito,true,MasterCard,2025-06-01,Bloqueada,8668-7646-1742-4877
TAR22,Débito,false,AmericanExpress,2025-12-01,Activa,4904-5124-6076-6272
TAR23,Débito,true,Visa,2026-05-01,Activa,8054-7317-8752-5908
TAR24,Débito,false,Visa,2026-11-01,Activa,8445-7951-3936-4735
TAR25,Crédito,false,MasterCard,2026-09-01,Activa,3561-7263-6576-2887
TAR26,Débito,false,MasterCard,2026-03-01,Activa,4229-1407-9624-8111
TAR27,Débito,true,MasterCard,2027-12-01,Activa,1185-8606-2762-4783
TAR28,Débito,true,Visa,2025-10-01,Activa,7153-7274-7157-4293
TAR29,Crédito,true,Visa,2027-04-01,Activa,8030-3231-9908-8194
TAR30,Crédito,true,AmericanExpress,2027-12-01,Activa,5505-6818-9029-3877
TAR31,Crédito,false,Visa,2025-06-01,Activa,4870-6869-1291-7715
TAR32,Crédito,true,MasterCard,2029-10-01,Activa,1016-6865-2224-4713
TAR33,Crédito,false,AmericanExpress,2029-02-01,Activa,6402-2612-5461-7500
TAR34,Débito,true,AmericanExpress,2025-05-01,Activa,7878-6875-7826-7869
TAR35,Crédito,true,AmericanExpress,2029-04-01,Activa,3900-9604-8781-7850
TAR36,Débito,false,Visa,2027-05-01,Activa,5227-6894-5518-4627
TAR37,Débito,true,AmericanExpress,2029-04-01,Activa,7378-7916-8244-6916
TAR38,Crédito,true,Visa,2025-03-01,Activa,9081-6326-6402-6894
TAR39,Crédito,true,MasterCard,2026-08-01,Activa,5960-1954-7388-7701
TAR40,Débito,true,Visa,2029-06-01,Activa,5775-1435-1252-8164
TAR41,Crédito,true,AmericanExpress,2027-11-01,Activa,1587-9418-7519-8907
TAR42,Débito,false,AmericanExpress,2026-12-01,Activa,3795-5012-2937-4579
TAR43,Crédito,false,MasterCard,2026-03-01,Activa,5688-7535-6829-1651
TAR44,Débito,false,AmericanExpress,2028-10-01,Activa,2465-5719-5758-4402
TAR45,Crédito,true,AmericanExpress,2026-06-01,Activa,8294-2421-2962-9661
TAR46,Débito,true,MasterCard,2026-03-01,Activa,9904-7499-1046-9743
TAR47,Crédito,true,MasterCard,2028-07-01,Activa,6077-3186-7182-6044
TAR48,Crédito,false,Visa,2027-01-01,Activa,9503-2834-4299-7504
TAR49,Crédito,true,AmericanExpress,2028-10-01,Activa,9111-4017-3329-5710
TAR50,Débito,true,Visa,2028-07-01,Activa,9892-1357-8191-3125
TAR51,Crédito,true,Visa,2027-08-01,Activa,7520-4650-7356-8363
TAR52,Débito,true,AmericanExpress,2029-10-01,Activa,3116-9549-2774-3923
TAR53,Crédito,true,MasterCard,2029-09-01,Activa,7254-7633-3202-9305
TAR54,Débito,false,AmericanExpress,2029-11-01,Activa,8776-9406-9912-7251
TAR55,Crédito,false,AmericanExpress,2026-08-01,Activa,1146-9968-6132-3411
TAR56,Crédito,false,Visa,2025-02-01,Activa,7474-2119-3406-5877
TAR57,Débito,false,Visa,2029-12-01,Activa,8262-2095-3247-1470
TAR58,Crédito,true,Visa,2025-11-01,Activa,3901-9527-1155-6072
TAR59,Crédito,true,Visa,2029-08-01,Activa,3366-2318-8961-8084
TAR60,Débito,true,Visa,2027-07-01,Activa,1605-5645-6329-9441
TAR61,Crédito,false,Visa,2028-05-01,Activa,4807-7988-3966-4708
TAR62,Crédito,false,AmericanExpress,2025-09-01,Activa,4053-2274-9990-3853
TAR63,Crédito,true,Visa,2028-02-01,Activa,7537-1678-4081-6651
TAR64,Débito,true,Visa,2026-03-01,Activa,8613-9109-9364-5358
TAR65,Débito,false,AmericanExpress,2029-12-01,Activa,1637-6063-7351-1344
TAR66,Débito,false,Visa,2029-01-01,Activa,1781-2269-8515-8931
TAR67,Débito,false,Visa,2026-02-01,Activa,9225-8314-8803-6496
TAR68,Crédito,true,Visa,2026-03-01,Activa,5099-6876-9866-9501
TAR69,Débito,true,AmericanExpress,2028-07-01,Activa,7824-7788-2686-7713
TAR70,Débito,true,MasterCard,2026-03-01,Activa,1886-7908-7547-3426
TAR71,Débito,false,MasterCard,2025-09-01,Activa,3375-5185-5998-1323
TAR72,Crédito,true,Visa,2026-11-01,Activa,6822-6401-3568-9511
TAR73,Débito,false,MasterCard,2027-12-01,Activa,8034-4353-9592-3566
TAR74,Crédito,false,MasterCard,2027-01-01,Activa,3405-9044-1104-9472
TAR75,Débito,false,Visa,2029-04-01,Activa,3687-3686-3422-4971
TAR76,Crédito,true,AmericanExpress,2027-09-01,Activa,6431-3008-1710-9420
TAR77,Débito,true,AmericanExpress,2028-09-01,Activa,9919-6005-6405-4506
TAR78,Débito,false,Visa,2027-02-01,Activa,1125-5344-8370-4944
TAR79,Crédito,true,AmericanExpress,2028-08-01,Activa,9102-7632-1594-1181
TAR80,Crédito,true,MasterCard,2028-02-01,Activa,5802-2237-5277-4406
TAR81,Crédito,true,Visa,2026-11-01,Activa,5469-7718-9330-8685
TAR82,Crédito,false,Visa,2028-10-01,Activa,8235-8874-8743-9171
TAR83,Crédito,false,AmericanExpress,2027-04-01,Activa,5498-5145-2915-9237
TAR84,Crédito,false,MasterCard,2025-04-01,Activa,6991-7593-3306-5847
TAR85,Débito,false,MasterCard,2026-05-01,Activa,9695-1254-2816-7992
TAR86,Débito,true,AmericanExpress,2025-06-01,Activa,6239-5377-2497-7645
TAR87,Débito,true,MasterCard,2029-06-01,Activa,7104-1594-2805-1339
TAR88,Débito,false,Visa,2026-02-01,Activa,8314-2116-6598-8053
TAR89,Débito,true,AmericanExpress,2026-07-01,Activa,5628-2856-6745-2051
TAR90,Crédito,true,AmericanExpress,2025-12-01,Activa,1771-6543-1633-9548
TAR91,Débito,true,AmericanExpress,2028-03-01,Activa,3457-1427-8695-5832
TAR92,Débito,true,Visa,2029-10-01,Activa,2788-3155-7124-2907
TAR93,Débito,true,AmericanExpress,2027-05-01,Activa,3034-2986-6104-6487
TAR94,Débito,false,AmericanExpress,2029-02-01,Activa,1374-7718-7919-6552
TAR95,Crédito,true,AmericanExpress,2025-03-01,Activa,2760-9778-5845-3536
TAR96,Débito,false,MasterCard,2027-04-01,Activa,5605-9742-5156-2786
TAR97,Débito,true,Visa,2027-03-01,Activa,6199-9008-3814-8748
TAR98,Crédito,true,AmericanExpress,2027-07-01,Activa,5172-4668-5103-3223
TAR99,Débito,true,AmericanExpress,2028-12-01,Activa,1463-4204-4604-3616
TAR100,Débito,true,Visa,2029-11-01,Activa,9641-1995-2078-7730
TAR101,Débito,true,MasterCard,2025-08-01,Activa,3421-9285-3629-4020
TAR102,Débito,false,Visa,2025-08-01,Activa,6487-4249-2042-9363
TAR103,Débito,true,AmericanExpress,2028-12-01,Activa,1991-2604-2693-3121
TAR104,Débito,false,MasterCard,2028-06-01,Activa,9583-5341-9822-2323
TAR105,Débito,false,MasterCard,2028-12-01,Bloqueada,3858-7831-2821-9641
TAR106,Débito,true,AmericanExpress,2025-09-01,Activa,5644-3695-3239-6467
TAR107,Crédito,false,MasterCard,2028-12-01,Activa,3001-4936-1251-2594
TAR108,Crédito,false,Visa,2027-07-01,Activa,5827-8731-9882-6067
TAR109,Débito,true,Visa,2026-03-01,Activa,5652-8339-8839-4600
TAR110,Débito,false,MasterCard,2029-03-01,Activa,5854-6324-4916-1943
TAR111,Crédito,true,MasterCard,2025-12-01,Activa,7015-5803-7986-3208
TAR112,Débito,false,MasterCard,2026-12-01,Activa,9179-1671-8097-7431
TAR113,Débito,false,MasterCard,2029-08-01,Activa,9210-1107-3085-8503
TAR114,Débito,false,Visa,2028-11-01,Activa,5624-5512-3554-5106
TAR115,Crédito,false,AmericanExpress,2028-06-01,Activa,3959-1830-7831-1762
TAR116,Crédito,false,Visa,2025-04-01,Activa,1535-3208-6228-5668
TAR117,Crédito,false,AmericanExpress,2027-04-01,Activa,8732-3186-3728-6798
TAR118,Crédito,true,MasterCard,2029-05-01,Activa,1829-3915-5374-2757
TAR119,Débito,false,Visa,2028-11-01,Activa,7808-5802-2890-8130
TAR120,Crédito,true,MasterCard,2028-12-01,Activa,6707-6813-1409-5119
TAR121,Crédito,true,AmericanExpress,2029-02-01,Activa,7482-6534-3011-8587
TAR122,Débito,true,Visa,2028-12-01,Activa,4097-7866-2420-7835
TAR123,Débito,true,Visa,2028-04-01,Activa,7499-4717-1739-7370
TAR124,Crédito,true,MasterCard,2025-12-01,Activa,8903-8897-5943-5922
TAR125,Débito,true,AmericanExpress,2028-09-01,Activa,1323-7039-3695-5352
TAR126,Crédito,true,AmericanExpress,2027-05-01,Activa,8845-5364-7165-5289
TAR127,Crédito,true,Visa,2029-03-01,Activa,6329-7442-6209-8553
TAR128,Débito,false,AmericanExpress,2026-02-01,Activa,6717-1527-9271-3337
TAR129,Crédito,true,AmericanExpress,2028-10-01,Activa,9417-9831-6107-5624
TAR130,Débito,true,Visa,2029-03-01,Activa,2652-5613-4355-9933
TAR131,Crédito,true,Visa,2027-12-01,Activa,2343-4540-5103-4248
TAR132,Débito,true,Visa,2029-02-01,Activa,1123-4942-6002-8677
TAR133,Débito,false,Visa,2027-03-01,Activa,2515-2922-8804-2604
TAR134,Débito,true,Visa,2029-08-01,Activa,8419-8151-2967-5517
TAR135,Crédito,false,Visa,2028-12-01,Activa,5362-8955-8667-7001
TAR136,Crédito,true,Visa,2025-04-01,Activa,4619-8659-8390-8649
TAR137,Crédito,false,AmericanExpress,2025-11-01,Activa,9539-4845-2522-4396
TAR138,Crédito,false,MasterCard,2027-04-01,Activa,2685-5996-6014-7208
TAR139,Débito,true,MasterCard,2028-01-01,Activa,6701-4046-5325-5326
TAR140,Crédito,false,AmericanExpress,2028-07-01,Bloqueada,6571-6302-8067-7850
TAR141,Crédito,true,Visa,2028-10-01,Activa,2755-5819-2406-9542
TAR142,Débito,true,Visa,2029-05-01,Activa,3562-5805-3610-2909
TAR143,Débito,false,Visa,2025-08-01,Activa,6459-9362-1526-5956
TAR144,Crédito,false,MasterCard,2029-11-01,Activa,4947-2962-3545-3619
TAR145,Crédito,true,Visa,2027-12-01,Activa,3226-8963-3806-8887
TAR146,Crédito,true,Visa,2029-09-01,Activa,1015-1063-4022-4296
TAR147,Crédito,false,AmericanExpress,2028-11-01,Activa,9139-6334-9550-8935
TAR148,Crédito,false,AmericanExpress,2025-08-01,Activa,9117-1633-8473-4165
TAR149,Crédito,true,MasterCard,2025-02-01,Activa,7323-3946-3004-5574
TAR150,Débito,false,MasterCard,2028-11-01,Activa,6676-2438-8377-4568
TAR151,Débito,true,AmericanExpress,2025-01-01,Activa,2297-6487-6616-1822
TAR152,Crédito,true,MasterCard,2027-06-01,Activa,7395-7371-4839-1428
TAR153,Débito,false,Visa,2028-08-01,Activa,2461-3366-6614-9775
TAR154,Crédito,true,AmericanExpress,2028-02-01,Activa,4877-5261-3334-9124
TAR155,Crédito,true,AmericanExpress,2026-09-01,Activa,8058-3378-5616-5415
TAR156,Crédito,false,AmericanExpress,2026-08-01,Activa,3441-1770-3455-5698
TAR157,Débito,false,Visa,2027-10-01,Activa,1589-6515-3872-6165
TAR158,Crédito,false,AmericanExpress,2028-08-01,Activa,4252-9410-2949-3582
TAR159,Crédito,false,Visa,2026-04-01,Activa,3664-3923-4247-6063
TAR160,Crédito,true,MasterCard,2027-07-01,Bloqueada,1692-8621-8143-4279
TAR161,Débito,false,AmericanExpress,2026-07-01,Activa,3203-3003-5863-8016
TAR162,Débito,false,MasterCard,2026-04-01,Activa,5474-5525-3749-6668
TAR163,Crédito,false,MasterCard,2029-12-01,Activa,1765-3599-9873-8564
TAR164,Débito,false,Visa,2025-12-01,Activa,6179-2745-1681-5459
TAR165,Débito,true,AmericanExpress,2025-04-01,Activa,5153-4520-8461-8169
TAR166,Crédito,true,AmericanExpress,2025-03-01,Activa,2901-3502-9620-2492
TAR167,Crédito,false,AmericanExpress,2028-10-01,Activa,4698-9466-8201-7668
TAR168,Crédito,false,MasterCard,2029-12-01,Activa,8925-2177-7313-6245
TAR169,Débito,true,Visa,2027-02-01,Activa,8727-2903-7985-5329
TAR170,Crédito,false,MasterCard,2026-01-01,Activa,7842-4990-1116-6406
TAR171,Crédito,true,Visa,2025-07-01,Activa,2030-1878-8622-4176
TAR172,Crédito,false,MasterCard,2027-06-01,Activa,7039-8022-2589-4846
TAR173,Crédito,true,MasterCard,2028-06-01,Activa,5852-5542-9514-1627
TAR174,Crédito,false,AmericanExpress,2027-02-01,Activa,2827-5321-5449-9775
TAR175,Crédito,false,AmericanExpress,2026-02-01,Activa,1523-1563-4426-7607
TAR176,Crédito,true,Visa,2026-09-01,Activa,5169-3754-7626-6437
TAR177,Débito,true,Visa,2029-10-01,Activa,5610-9775-7462-1348
TAR178,Débito,true,Visa,2026-10-01,Activa,7346-4152-2903-7576
TAR179,Crédito,false,MasterCard,2027-02-01,Activa,8710-3032-5095-3008
TAR180,Débito,false,MasterCard,2028-04-01,Activa,5129-5494-6294-7607
TAR181,Crédito,true,Visa,2029-01-01,Activa,4642-1633-9753-7442
TAR182,Crédito,false,AmericanExpress,2027-03-01,Activa,2821-5639-2380-4352
TAR183,Crédito,true,AmericanExpress,2028-03-01,Activa,7631-4188-7863-2796
TAR184,Débito,true,Visa,2028-11-01,Activa,9181-9139-5901-1036
TAR185,Crédito,true,MasterCard,2028-08-01,Bloqueada,7147-6815-4138-7368
TAR186,Débito,true,Visa,2026-09-01,Activa,3758-3975-5921-4034
TAR187,Débito,false,Visa,2028-06-01,Activa,4371-9489-6783-9360
TAR188,Débito,true,Visa,2025-02-01,Activa,3309-1438-7844-5969
TAR189,Débito,true,MasterCard,2025-09-01,Activa,4762-3054-3673-1874
TAR190,Crédito,false,MasterCard,2026-02-01,Activa,8331-6362-4521-2506
TAR191,Crédito,true,AmericanExpress,2026-09-01,Bloqueada,4941-8615-5351-8167
TAR192,Crédito,true,AmericanExpress,2027-08-01,Activa,8846-4704-2097-3030
TAR193,Débito,true,AmericanExpress,2026-08-01,Activa,3741-9866-6104-7879
TAR194,Crédito,true,MasterCard,2027-03-01,Activa,3576-8807-3379-9737
TAR195,Crédito,true,MasterCard,2025-01-01,Activa,5700-9787-3160-3816
TAR196,Crédito,true,Visa,2025-04-01,Activa,6408-2219-9206-5493
TAR197,Débito,false,MasterCard,2027-01-01,Activa,7325-8891-2427-9735
TAR198,Crédito,true,AmericanExpress,2026-08-01,Activa,4791-6866-4416-3440
TAR199,Crédito,false,MasterCard,2025-12-01,Activa,2571-2826-5541-8713
TAR200,Crédito,false,MasterCard,2025-05-01,Activa,3188-3924-2330-1389
TAR201,Débito,true,AmericanExpress,2029-11-01,Activa,8238-5303-8773-6246
TAR202,Débito,true,Visa,2029-11-01,Activa,5160-3501-4904-5407
TAR203,Débito,false,Visa,2029-06-01,Activa,6946-1228-3249-8349
TAR204,Débito,false,MasterCard,2028-09-01,Activa,7902-9043-9154-4486
TAR205,Crédito,true,MasterCard,2025-11-01,Activa,8241-9015-2723-9412
TAR206,Crédito,true,MasterCard,2028-04-01,Activa,4915-3066-2694-7050
TAR207,Débito,false,MasterCard,2025-04-01,Activa,9780-7569-6572-6873
TAR208,Crédito,false,Visa,2026-10-01,Activa,8913-9801-6712-4508
TAR209,Débito,false,MasterCard,2027-11-01,Activa,8531-7927-7766-4444
TAR210,Crédito,false,MasterCard,2026-12-01,Activa,2528-1346-9647-6230
TAR211,Crédito,false,AmericanExpress,2028-06-01,Activa,1529-1600-3667-7885
TAR212,Débito,true,AmericanExpress,2029-06-01,Activa,3714-3584-7119-4626
TAR213,Débito,false,Visa,2027-06-01,Activa,4188-1185-8852-8152
TAR214,Crédito,true,MasterCard,2026-02-01,Activa,2277-7547-1918-4147
TAR215,Crédito,false,Visa,2027-07-01,Activa,7932-9094-1252-7525
TAR216,Débito,true,AmericanExpress,2028-05-01,Activa,3286-7937-3052-9928
TAR217,Débito,true,AmericanExpress,2025-04-01,Activa,8482-2826-3574-4606
TAR218,Crédito,false,MasterCard,2029-03-01,Activa,5431-5823-2382-4543
TAR219,Crédito,true,Visa,2026-05-01,Activa,3932-8165-5571-3168
TAR220,Crédito,false,MasterCard,2029-10-01,Activa,6743-3342-3131-1072
TAR221,Débito,true,MasterCard,2027-02-01,Activa,3350-1155-9021-9147
TAR222,Débito,false,AmericanExpress,2025-09-01,Activa,8129-6359-4502-9144
TAR223,Débito,true,Visa,2027-04-01,Activa,6601-3334-6042-3680
TAR224,Débito,true,MasterCard,2029-09-01,Bloqueada,7936-7636-5913-9213
TAR225,Débito,false,Visa,2027-10-01,Activa,5332-3191-8242-2519
TAR226,Crédito,false,Visa,2025-05-01,Activa,3992-1775-2927-9538
TAR227,Crédito,true,AmericanExpress,2027-09-01,Activa,5640-1537-3759-7148
TAR228,Débito,true,Visa,2026-04-01,Activa,8695-4446-1447-1763
TAR229,Débito,false,Visa,2029-09-01,Activa,8437-3580-3009-5078
TAR230,Débito,false,AmericanExpress,2028-05-01,Activa,2790-4762-1189-5228
TAR231,Crédito,true,Visa,2027-07-01,Activa,9681-4226-7475-6962
TAR232,Débito,true,Visa,2025-07-01,Activa,2606-3077-5499-4231
TAR233,Débito,false,MasterCard,2026-09-01,Activa,3922-4817-6299-3076
TAR234,Crédito,true,MasterCard,2025-11-01,Activa,2480-4641-7641-8696
TAR235,Crédito,true,MasterCard,2028-05-01,Activa,6107-6106-8215-9648
TAR236,Crédito,false,AmericanExpress,2026-02-01,Activa,8653-5255-7611-2281
TAR237,Crédito,false,Visa,2028-05-01,Activa,6217-6619-1494-3040
TAR238,Crédito,false,MasterCard,2027-03-01,Activa,2305-9026-7963-2827
TAR239,Débito,false,AmericanExpress,2028-03-01,Activa,3669-2710-6039-1412
TAR240,Débito,true,Visa,2029-09-01,Bloqueada,5019-1682-6303-1762
TAR241,Débito,true,AmericanExpress,2025-11-01,Activa,7178-7978-5046-1164
TAR242,Débito,false,MasterCard,2029-05-01,Activa,8994-9206-8596-3037
TAR243,Débito,true,MasterCard,2027-12-01,Activa,7724-1982-2585-6166
TAR244,Débito,false,AmericanExpress,2025-11-01,Activa,9751-4836-8405-6617
TAR245,Crédito,true,MasterCard,2028-01-01,Activa,9909-2590-7547-8321
TAR246,Crédito,true,Visa,2026-04-01,Activa,6614-1568-1312-4747
TAR247,Débito,false,Visa,2029-11-01,Activa,2361-6852-4147-3437
TAR248,Crédito,false,Visa,2026-06-01,Activa,6378-7442-7142-1029
TAR249,Débito,false,AmericanExpress,2029-06-01,Activa,7856-3998-1400-5545
TAR250,Crédito,false,MasterCard,2026-07-01,Activa,2543-9337-6603-4907
TAR251,Crédito,false,Visa,2027-10-01,Activa,3786-8372-5750-1022
TAR252,Crédito,false,AmericanExpress,2026-11-01,Activa,6703-9017-4867-5354
TAR253,Crédito,true,Visa,2027-02-01,Activa,5520-7967-7890-8719
TAR254,Débito,true,Visa,2028-04-01,Activa,3635-6211-7799-1397
TAR255,Débito,false,AmericanExpress,2027-08-01,Activa,3011-5087-7596-7820
TAR256,Crédito,true,Visa,2027-11-01,Activa,1459-4616-8100-7664
TAR257,Débito,true,AmericanExpress,2025-02-01,Activa,6971-8844-5014-4273
TAR258,Crédito,false,Visa,2027-01-01,Activa,6281-5759-6231-8672
TAR259,Crédito,false,Visa,2025-08-01,Activa,5245-1241-4417-4790
TAR260,Crédito,false,AmericanExpress,2025-07-01,Activa,6171-5026-4115-4034
TAR261,Crédito,true,AmericanExpress,2026-04-01,Activa,2982-2790-5497-8760
TAR262,Crédito,true,MasterCard,2029-03-01,Activa,1620-7121-3294-6561
TAR263,Débito,false,Visa,2027-01-01,Activa,5438-2256-4761-8115
TAR264,Crédito,false,MasterCard,2027-04-01,Activa,4689-4699-4775-9915
TAR265,Crédito,false,AmericanExpress,2028-06-01,Activa,6072-5082-9973-7426
TAR266,Crédito,false,AmericanExpress,2026-08-01,Activa,4802-4010-8387-3953
TAR267,Crédito,true,Visa,2029-08-01,Activa,8434-9526-4364-9684
TAR268,Crédito,false,Visa,2029-03-01,Activa,7600-1955-7739-6595
TAR269,Crédito,true,MasterCard,2026-01-01,Activa,8975-7140-8435-2748
TAR270,Crédito,true,MasterCard,2027-10-01,Activa,1360-1041-5607-7261
TAR271,Débito,false,MasterCard,2025-10-01,Activa,5367-1811-7554-2670
TAR272,Crédito,false,AmericanExpress,2026-04-01,Activa,5239-8681-2857-4551
TAR273,Débito,true,AmericanExpress,2028-07-01,Activa,9484-3660-7086-1181
TAR274,Crédito,false,MasterCard,2025-09-01,Activa,1290-6281-4776-4583
TAR275,Crédito,true,Visa,2026-05-01,Activa,7409-9526-7580-2351
TAR276,Crédito,false,AmericanExpress,2026-04-01,Activa,9732-9141-2788-5584
TAR277,Débito,true,Visa,2027-07-01,Activa,5683-8509-8021-1480
TAR278,Débito,false,MasterCard,2026-01-01,Activa,3246-1675-4499-3611
TAR279,Crédito,true,Visa,2027-04-01,Activa,4545-9539-2445-8269
TAR280,Débito,false,MasterCard,2029-08-01,Activa,2876-9050-9369-7024
TAR281,Débito,true,MasterCard,2027-01-01,Activa,9916-7105-4719-5844
TAR282,Débito,false,MasterCard,2029-10-01,Activa,2519-3241-3032-5900
TAR283,Crédito,true,MasterCard,2025-04-01,Activa,2370-9815-6849-5035
TAR284,Crédito,true,MasterCard,2029-04-01,Activa,7571-7447-8236-9556
TAR285,Débito,false,Visa,2025-07-01,Activa,7568-8897-6750-1135
TAR286,Crédito,true,AmericanExpress,2026-08-01,Bloqueada,8876-1697-3608-2814
TAR287,Débito,false,Visa,2028-05-01,Bloqueada,2137-7665-2011-5138
TAR288,Débito,true,Visa,2025-03-01,Activa,3401-2463-5564-2263
TAR289,Débito,true,AmericanExpress,2029-02-01,Activa,2463-7435-5547-5519
TAR290,Crédito,false,AmericanExpress,2025-11-01,Activa,1388-8945-7439-8578
TAR291,Crédito,true,MasterCard,2029-09-01,Activa,2985-6735-7826-4495
TAR292,Débito,false,AmericanExpress,2028-12-01,Activa,4051-4903-6946-2486
TAR293,Crédito,false,MasterCard,2029-07-01,Activa,5738-2057-6290-9152
TAR294,Crédito,true,Visa,2029-04-01,Activa,4347-8416-4758-9001
TAR295,Débito,false,AmericanExpress,2025-09-01,Bloqueada,6879-7210-3856-9817
TAR296,Crédito,false,Visa,2025-09-01,Activa,3596-2585-3460-7050
TAR297,Débito,false,MasterCard,2028-01-01,Activa,6432-6391-1557-5767
TAR298,Crédito,true,AmericanExpress,2025-01-01,Activa,8544-9536-2435-5739
TAR299,Crédito,false,AmericanExpress,2027-12-01,Activa,3517-7129-7164-9907
TAR300,Débito,true,AmericanExpress,2025-02-01,Activa,2396-7823-6472-5559
TAR301,Débito,false,AmericanExpress,2028-09-01,Activa,3398-1561-5797-1446
TAR302,Débito,false,Visa,2025-04-01,Activa,1338-4309-7169-8623
TAR303,Crédito,true,Visa,2026-03-01,Activa,6896-9454-1360-5066
TAR304,Crédito,true,AmericanExpress,2028-01-01,Activa,1415-6160-4861-9419
TAR305,Débito,true,Visa,2027-08-01,Activa,2326-8322-2119-8841
TAR306,Débito,false,Visa,2028-02-01,Activa,3545-2517-9637-2535
TAR307,Crédito,true,AmericanExpress,2025-03-01,Activa,1966-3675-3444-1736
TAR308,Débito,true,AmericanExpress,2025-11-01,Bloqueada,6081-3741-2735-1587
TAR309,Débito,false,MasterCard,2027-05-01,Activa,8518-1082-5634-6524
TAR310,Débito,false,AmericanExpress,2026-04-01,Activa,6851-8255-7318-3543
TAR311,Crédito,true,MasterCard,2028-12-01,Activa,7563-8677-1669-9297
TAR312,Crédito,false,Visa,2025-01-01,Activa,1853-9965-9874-5111
TAR313,Crédito,true,AmericanExpress,2025-08-01,Activa,3577-1732-5545-9942
TAR314,Crédito,true,AmericanExpress,2025-11-01,Activa,9063-7592-3844-1511
TAR315,Débito,true,MasterCard,2029-12-01,Activa,4849-1740-2091-1341
TAR316,Débito,false,Visa,2026-10-01,Activa,2917-5802-2126-9484
TAR317,Crédito,true,AmericanExpress,2028-06-01,Activa,6273-2295-1614-9528
TAR318,Crédito,true,MasterCard,2029-04-01,Activa,4549-4243-1193-7554
TAR319,Crédito,false,AmericanExpress,2028-01-01,Bloqueada,3083-5814-3599-7036
TAR320,Crédito,true,Visa,2026-11-01,Activa,9611-9475-3685-3117
TAR321,Débito,true,MasterCard,2025-05-01,Activa,5335-8597-5995-1676
TAR322,Crédito,false,Visa,2025-12-01,Activa,8112-7866-5289-2488
TAR323,Débito,false,MasterCard,2028-02-01,Activa,2431-4678-8947-2243
TAR324,Crédito,false,Visa,2029-11-01,Activa,5892-2188-1429-2055
TAR325,Crédito,false,AmericanExpress,2026-01-01,Activa,8582-6119-3780-8506
TAR326,Débito,false,MasterCard,2026-12-01,Bloqueada,6149-4252-4712-1638
TAR327,Crédito,true,MasterCard,2028-07-01,Activa,8334-4741-1390-2805
TAR328,Crédito,true,MasterCard,2026-12-01,Activa,9360-6386-5614-4438
TAR329,Débito,true,MasterCard,2029-09-01,Activa,2220-1056-6289-5822
TAR330,Débito,false,AmericanExpress,2029-02-01,Activa,8665-6143-6141-5044
TAR331,Débito,false,AmericanExpress,2028-08-01,Activa,2404-5370-8130-1778
TAR332,Débito,true,MasterCard,2026-12-01,Activa,7464-8127-5492-9405
TAR333,Débito,true,MasterCard,2029-12-01,Activa,3314-5604-5374-7046
TAR334,Crédito,true,AmericanExpress,2026-11-01,Activa,1846-5706-4212-1888
TAR335,Crédito,false,AmericanExpress,2025-07-01,Activa,5348-7024-9369-8127
TAR336,Débito,false,MasterCard,2026-10-01,Activa,5322-9762-2946-6279
TAR337,Crédito,true,Visa,2025-10-01,Activa,7619-3738-3225-9310
TAR338,Crédito,true,MasterCard,2025-05-01,Activa,2697-6276-8404-8278
TAR339,Débito,false,MasterCard,2027-12-01,Activa,3712-8167-4196-7068
TAR340,Crédito,false,Visa,2026-01-01,Activa,9858-2656-5121-8175
TAR341,Crédito,false,MasterCard,2027-06-01,Activa,6234-4853-8282-7622
TAR342,Débito,true,MasterCard,2027-04-01,Activa,2904-9688-9409-8724
TAR343,Crédito,false,MasterCard,2029-02-01,Activa,4323-9794-1188-1973
TAR344,Débito,false,AmericanExpress,2028-04-01,Activa,9530-7958-4300-1972
TAR345,Débito,true,Visa,2028-03-01,Activa,9283-1006-1345-4386
TAR346,Débito,true,Visa,2027-03-01,Activa,2530-7600-7680-2220
TAR347,Débito,true,AmericanExpress,2029-09-01,Activa,2661-5546-6444-8751
TAR348,Débito,false,AmericanExpress,2026-02-01,Activa,5392-5250-8725-8368
TAR349,Crédito,false,Visa,2025-02-01,Activa,8391-6960-7494-5772
TAR350,Crédito,true,MasterCard,2029-01-01,Bloqueada,9406-4277-3405-9606
TAR351,Crédito,true,AmericanExpress,2027-12-01,Activa,2057-7008-2839-3455
TAR352,Crédito,true,MasterCard,2027-02-01,Activa,5090-2368-1622-6952
TAR353,Crédito,false,AmericanExpress,2027-08-01,Activa,9373-5159-3736-6430
TAR354,Débito,false,Visa,2026-10-01,Activa,1898-6270-4638-2872
TAR355,Crédito,false,MasterCard,2025-05-01,Bloqueada,9970-8988-4163-9281
TAR356,Débito,true,AmericanExpress,2028-01-01,Activa,4333-1342-1536-6949
TAR357,Débito,true,MasterCard,2029-11-01,Activa,3154-6927-2030-7391
TAR358,Crédito,false,AmericanExpress,2027-08-01,Activa,9378-8021-9014-9542
TAR359,Crédito,true,MasterCard,2029-03-01,Activa,1304-2432-7744-5864
TAR360,Crédito,false,AmericanExpress,2027-07-01,Activa,1359-3223-6056-8824
TAR361,Crédito,false,AmericanExpress,2025-09-01,Activa,2074-1772-2164-5109
TAR362,Crédito,true,AmericanExpress,2026-11-01,Activa,4957-8854-5110-3286
TAR363,Débito,true,MasterCard,2025-07-01,Activa,5460-6295-6643-6546
TAR364,Débito,false,Visa,2026-07-01,Activa,9103-5254-8027-3507
TAR365,Crédito,true,MasterCard,2029-07-01,Bloqueada,5582-4024-3839-2575
TAR366,Crédito,false,Visa,2025-05-01,Activa,8466-6299-2447-7268
TAR367,Débito,false,Visa,2028-05-01,Activa,4951-8809-1935-1423
TAR368,Débito,true,MasterCard,2026-02-01,Activa,8022-5533-4678-3516
TAR369,Crédito,false,AmericanExpress,2026-05-01,Bloqueada,4678-9711-2958-1842
TAR370,Débito,false,Visa,2027-02-01,Activa,5633-1999-9438-5221
TAR371,Crédito,false,Visa,2025-08-01,Activa,1929-9260-3718-5859
TAR372,Crédito,false,AmericanExpress,2028-11-01,Activa,6869-9157-7687-6633
TAR373,Débito,false,MasterCard,2028-11-01,Bloqueada,8841-9744-3010-2199
TAR374,Crédito,true,Visa,2028-03-01,Activa,6207-5178-2022-9170
TAR375,Crédito,false,Visa,2025-01-01,Activa,8343-8978-8874-3722
TAR376,Crédito,false,MasterCard,2026-11-01,Activa,4474-1814-1754-8300
TAR377,Débito,false,AmericanExpress,2025-07-01,Activa,4732-1288-3891-8003
TAR378,Débito,true,AmericanExpress,2025-02-01,Activa,8151-1586-1076-3464
TAR379,Débito,true,MasterCard,2025-12-01,Activa,1011-7598-3830-2159
TAR380,Crédito,true,Visa,2025-01-01,Activa,3770-5867-1287-4548
TAR381,Crédito,true,AmericanExpress,2027-10-01,Activa,8413-7611-1095-2628
TAR382,Débito,false,MasterCard,2028-09-01,Activa,7943-6292-1557-4313
TAR383,Débito,true,Visa,2026-08-01,Activa,7699-3150-5941-3082
TAR384,Crédito,true,AmericanExpress,2026-02-01,Activa,3114-4517-1519-8136
TAR385,Crédito,false,MasterCard,2026-08-01,Activa,2575-6126-1500-8583
TAR386,Crédito,true,AmericanExpress,2027-06-01,Activa,3325-5294-4078-7517
TAR387,Débito,false,AmericanExpress,2028-08-01,Activa,5606-6768-7287-8031
TAR388,Débito,false,MasterCard,2026-04-01,Activa,3794-5898-4923-3597
TAR389,Débito,true,AmericanExpress,2029-07-01,Activa,9068-6597-9141-5224
TAR390,Débito,false,AmericanExpress,2025-01-01,Activa,5947-5110-4613-5485
TAR391,Crédito,false,MasterCard,2029-06-01,Activa,4500-3088-3984-3757
TAR392,Crédito,false,AmericanExpress,2028-07-01,Activa,2850-5740-7958-7588
TAR393,Crédito,true,AmericanExpress,2026-10-01,Activa,5911-9725-2754-5737
TAR394,Crédito,false,AmericanExpress,2026-03-01,Activa,9482-9143-4206-4215
TAR395,Débito,false,Visa,2027-09-01,Activa,6936-5923-1782-7995
TAR396,Débito,true,MasterCard,2028-12-01,Activa,3768-4662-2870-6408
TAR397,Débito,true,MasterCard,2025-08-01,Activa,8473-5695-8011-2445
TAR398,Débito,true,MasterCard,2026-10-01,Activa,1149-6986-1333-7564
TAR399,Crédito,true,AmericanExpress,2028-05-01,Activa,3399-8502-1711-7993
TAR400,Débito,false,MasterCard,2027-07-01,Activa,7189-3070-6150-4307
TAR401,Crédito,false,AmericanExpress,2027-02-01,Bloqueada,2516-8645-3366-9979
TAR402,Débito,false,MasterCard,2029-05-01,Activa,6467-5771-2261-1742
TAR403,Crédito,false,Visa,2026-04-01,Activa,1740-6977-1399-8296
TAR404,Débito,true,MasterCard,2026-05-01,Activa,3819-9322-5419-1307
TAR405,Débito,false,MasterCard,2027-01-01,Activa,4202-4149-9270-2283
TAR406,Crédito,true,Visa,2028-06-01,Activa,7081-4620-9516-3242
TAR407,Débito,false,MasterCard,2029-02-01,Activa,5893-9742-2857-3691
TAR408,Crédito,false,Visa,2027-01-01,Activa,6148-2582-7663-6954
TAR409,Crédito,false,AmericanExpress,2026-09-01,Activa,8596-1398-5873-9087
TAR410,Crédito,false,MasterCard,2027-06-01,Activa,3338-8769-8313-8770
TAR411,Débito,true,AmericanExpress,2029-03-01,Activa,3996-9060-2351-9586
TAR412,Débito,true,MasterCard,2029-07-01,Activa,7634-7881-1741-6938
TAR413,Débito,false,MasterCard,2025-06-01,Activa,4121-7652-2522-2063
TAR414,Crédito,false,AmericanExpress,2026-09-01,Activa,2089-1941-1317-8895
TAR415,Débito,true,Visa,2027-11-01,Activa,3294-2909-5285-9759
TAR416,Crédito,true,Visa,2025-03-01,Activa,7160-8729-6187-9260
TAR417,Crédito,false,AmericanExpress,2025-05-01,Activa,6228-2557-9538-9544
TAR418,Crédito,true,Visa,2028-06-01,Activa,1185-7230-3122-3614
TAR419,Débito,false,MasterCard,2026-08-01,Activa,5496-2345-7315-8224
TAR420,Débito,false,AmericanExpress,2027-03-01,Activa,6419-9086-1056-9413
TAR421,Crédito,false,AmericanExpress,2025-08-01,Activa,1909-6742-1248-9892
TAR422,Débito,true,AmericanExpress,2026-05-01,Activa,7170-8643-7268-7973
TAR423,Débito,true,AmericanExpress,2028-03-01,Activa,8187-3971-2241-8044
TAR424,Crédito,true,Visa,2028-10-01,Activa,3338-3885-6875-9013
TAR425,Crédito,true,AmericanExpress,2028-08-01,Activa,1866-9578-7030-2769
TAR426,Débito,true,AmericanExpress,2026-01-01,Activa,6268-5600-1870-1802
TAR427,Crédito,true,Visa,2027-06-01,Activa,5851-9244-4140-7046
TAR428,Crédito,true,MasterCard,2026-12-01,Activa,1525-5583-9500-4347
TAR429,Débito,false,MasterCard,2027-08-01,Activa,2805-5762-6018-6153
TAR430,Débito,true,AmericanExpress,2026-07-01,Activa,6730-8443-2478-9253
TAR431,Crédito,false,AmericanExpress,2028-03-01,Activa,1868-4936-2082-8848
TAR432,Débito,false,Visa,2026-09-01,Activa,6241-2235-3920-6658
TAR433,Débito,false,Visa,2026-04-01,Activa,7010-7160-5782-8326
TAR434,Débito,true,MasterCard,2028-01-01,Activa,9091-9121-2069-4310
TAR435,Débito,false,MasterCard,2025-12-01,Activa,8870-6261-5699-8162
TAR436,Crédito,false,Visa,2028-12-01,Activa,3066-4433-8542-5041
TAR437,Débito,true,AmericanExpress,2029-06-01,Activa,2872-9235-7714-3319
TAR438,Crédito,false,AmericanExpress,2029-01-01,Activa,4747-8382-1136-6254
TAR439,Débito,false,MasterCard,2029-10-01,Bloqueada,9437-4982-5834-9302
TAR440,Débito,false,AmericanExpress,2027-05-01,Activa,2902-3434-1804-9789
TAR441,Crédito,true,Visa,2028-10-01,Activa,6138-2636-2295-3888
TAR442,Débito,false,MasterCard,2027-12-01,Activa,5038-9096-5694-3150
TAR443,Crédito,true,Visa,2028-10-01,Activa,8935-4050-6021-7646
TAR444,Débito,false,Visa,2029-01-01,Activa,9006-6576-1501-8263
TAR445,Débito,true,MasterCard,2027-08-01,Activa,1148-3246-3270-3370
TAR446,Crédito,true,MasterCard,2026-01-01,Activa,2093-2637-7180-3508
TAR447,Débito,false,MasterCard,2029-12-01,Activa,7409-3242-6780-3923
TAR448,Débito,true,Visa,2025-03-01,Activa,1305-4800-6780-8806
TAR449,Débito,true,AmericanExpress,2027-09-01,Activa,6986-3075-4345-4939
TAR450,Débito,true,Visa,2027-06-01,Activa,6385-7403-5950-9877
TAR451,Crédito,true,AmericanExpress,2029-03-01,Activa,3661-4984-1753-9151
TAR452,Débito,false,MasterCard,2029-08-01,Activa,5752-2065-3636-1151
TAR453,Crédito,false,AmericanExpress,2028-11-01,Activa,5798-4449-7530-9598
TAR454,Débito,false,AmericanExpress,2029-04-01,Activa,7687-7291-5754-8234
TAR455,Débito,true,Visa,2027-08-01,Activa,8699-8798-8645-5106
TAR456,Débito,false,AmericanExpress,2025-05-01,Activa,1774-8850-8650-4305
TAR457,Crédito,false,MasterCard,2025-02-01,Activa,8425-2655-5009-5724
TAR458,Crédito,false,Visa,2027-09-01,Activa,8523-2221-1979-5884
TAR459,Crédito,true,MasterCard,2027-06-01,Activa,4732-2529-7096-8406
TAR460,Débito,true,AmericanExpress,2025-11-01,Activa,5230-8051-7334-1799
TAR461,Crédito,true,MasterCard,2029-11-01,Activa,3574-9544-7295-4245
TAR462,Crédito,false,Visa,2029-12-01,Activa,8722-9318-6249-5222
TAR463,Débito,true,Visa,2027-02-01,Activa,2756-3363-4870-3418
TAR464,Crédito,true,Visa,2026-09-01,Bloqueada,3864-8200-6467-8695
TAR465,Débito,false,AmericanExpress,2028-06-01,Activa,3795-5860-7692-6433
TAR466,Débito,true,Visa,2026-03-01,Activa,7026-5111-1887-3905
TAR467,Crédito,false,Visa,2029-03-01,Activa,2150-9680-2210-7163
TAR468,Débito,false,MasterCard,2027-11-01,Activa,4139-8514-7709-8383
TAR469,Crédito,true,Visa,2028-09-01,Activa,1591-4458-1742-6503
TAR470,Crédito,true,Visa,2029-03-01,Activa,8261-9232-4642-9151
TAR471,Crédito,true,MasterCard,2026-09-01,Activa,1183-7358-1399-7483
TAR472,Débito,false,MasterCard,2027-12-01,Activa,8523-6727-8531-9322
TAR473,Crédito,true,Visa,2028-11-01,Activa,1686-4990-9754-6930
TAR474,Débito,false,Visa,2029-08-01,Activa,1261-6139-9228-1060
TAR475,Débito,true,Visa,2025-08-01,Activa,3607-3215-1312-1798
TAR476,Débito,false,AmericanExpress,2029-06-01,Activa,7515-7698-1902-6424
TAR477,Crédito,true,MasterCard,2025-06-01,Activa,4311-5043-6591-9090
TAR478,Débito,true,AmericanExpress,2029-11-01,Activa,2995-6340-3017-4535
TAR479,Crédito,true,MasterCard,2025-12-01,Activa,4359-6864-7288-3841
TAR480,Débito,false,MasterCard,2027-03-01,Activa,1638-3460-2755-5481
TAR481,Débito,true,AmericanExpress,2025-01-01,Activa,4477-1427-3146-7413
TAR482,Crédito,false,MasterCard,2025-03-01,Bloqueada,9139-4937-8206-2045
TAR483,Débito,false,AmericanExpress,2029-04-01,Activa,9568-3481-5446-1419
TAR484,Débito,false,MasterCard,2029-06-01,Activa,7687-2028-7162-3733
TAR485,Débito,true,AmericanExpress,2026-10-01,Activa,8066-2613-4819-9109
TAR486,Crédito,false,AmericanExpress,2028-09-01,Activa,1065-1225-1524-1751
TAR487,Crédito,true,MasterCard,2027-07-01,Activa,8862-3963-9477-8941
TAR488,Débito,true,MasterCard,2026-05-01,Activa,4758-2169-3459-3651
TAR489,Crédito,false,MasterCard,2026-10-01,Bloqueada,9565-6224-4990-2749
TAR490,Débito,true,Visa,2029-12-01,Activa,6663-8332-1970-1492
TAR491,Débito,false,MasterCard,2029-03-01,Activa,4925-6068-8756-4804
TAR492,Crédito,false,Visa,2029-09-01,Activa,4904-5156-6888-8347
TAR493,Crédito,true,Visa,2026-06-01,Activa,8201-9024-6003-7131
TAR494,Crédito,true,MasterCard,2026-12-01,Activa,8205-7209-7103-1341
TAR495,Crédito,true,MasterCard,2028-04-01,Bloqueada,7706-8712-8376-7564
TAR496,Débito,false,MasterCard,2026-11-01,Activa,3003-9412-9406-2982
TAR497,Débito,true,MasterCard,2028-12-01,Activa,1603-1824-2772-3021
TAR498,Débito,false,AmericanExpress,2025-05-01,Activa,3449-5898-7472-7109
TAR499,Débito,false,MasterCard,2025-02-01,Activa,4429-3036-7195-3468
TAR500,Crédito,false,AmericanExpress,2027-04-01,Activa,6329-6907-9149-2369
TAR501,Débito,true,AmericanExpress,2028-08-01,Bloqueada,9656-7821-3708-4052
TAR502,Débito,false,AmericanExpress,2028-02-01,Activa,6589-6978-7295-6974
TAR503,Crédito,false,AmericanExpress,2027-01-01,Bloqueada,9556-2685-3325-5432
TAR504,Débito,false,AmericanExpress,2028-11-01,Activa,9911-1039-7790-3790
TAR505,Crédito,true,Visa,2028-10-01,Activa,8473-4045-8437-8271
TAR506,Débito,true,Visa,2028-12-01,Activa,1160-5531-3222-2140
TAR507,Crédito,false,AmericanExpress,2028-10-01,Activa,5191-4953-7131-8618
TAR508,Crédito,true,Visa,2028-06-01,Activa,8166-8896-4637-2281
TAR509,Débito,true,AmericanExpress,2025-06-01,Activa,3417-1622-5022-1014
TAR510,Crédito,false,Visa,2027-11-01,Activa,6086-8861-1847-3181
TAR511,Débito,false,AmericanExpress,2025-04-01,Activa,7144-2858-3410-9050
TAR512,Débito,true,AmericanExpress,2026-01-01,Activa,7327-3337-8243-8756
TAR513,Crédito,true,Visa,2029-07-01,Activa,2725-7593-3567-1442
TAR514,Crédito,false,Visa,2029-01-01,Activa,6029-7857-5711-6858
TAR515,Débito,true,MasterCard,2025-04-01,Activa,2156-3745-6447-1006
TAR516,Débito,false,Visa,2026-10-01,Activa,8571-6295-3571-8709
TAR517,Crédito,true,MasterCard,2029-01-01,Activa,4946-9176-3938-5611
TAR518,Crédito,false,AmericanExpress,2025-05-01,Activa,9544-1305-8973-3873
TAR519,Débito,true,AmericanExpress,2027-03-01,Activa,2903-8097-7229-9374
TAR520,Débito,false,AmericanExpress,2026-11-01,Activa,5838-2550-1628-2403
TAR521,Crédito,false,Visa,2029-03-01,Activa,6004-6423-7941-3198
TAR522,Crédito,true,MasterCard,2029-12-01,Activa,2576-2903-2358-1205
TAR523,Débito,true,MasterCard,2028-12-01,Activa,3037-5963-9932-8337
TAR524,Débito,true,AmericanExpress,2029-11-01,Activa,8164-1964-1638-7223
TAR525,Crédito,false,AmericanExpress,2025-12-01,Activa,4104-6852-6005-2694
TAR526,Crédito,true,Visa,2029-12-01,Activa,7532-2940-3667-4713
TAR527,Crédito,false,AmericanExpress,2025-07-01,Activa,5856-9769-9330-8631
TAR528,Crédito,false,MasterCard,2026-09-01,Activa,3520-6450-6984-4470
TAR529,Crédito,false,Visa,2029-02-01,Activa,1288-7950-8752-4591
TAR530,Crédito,true,AmericanExpress,2025-08-01,Activa,8152-8199-5602-3477
TAR531,Crédito,false,Visa,2028-01-01,Activa,2188-6919-1519-7356
TAR532,Débito,false,MasterCard,2028-05-01,Activa,6194-9146-5987-5209
TAR533,Crédito,false,AmericanExpress,2028-06-01,Bloqueada,1940-7933-1296-3937
TAR534,Crédito,false,Visa,2029-07-01,Activa,9032-3999-9640-1614
TAR535,Débito,true,AmericanExpress,2027-12-01,Activa,7607-9359-1306-7909
TAR536,Débito,true,MasterCard,2027-07-01,Activa,7328-8266-1102-7571
TAR537,Crédito,true,MasterCard,2025-12-01,Bloqueada,4189-2953-4513-7286
TAR538,Crédito,true,Visa,2025-11-01,Activa,1184-9904-2115-6260
TAR539,Débito,true,Visa,2029-12-01,Activa,7440-2876-7442-3002
TAR540,Débito,false,AmericanExpress,2025-08-01,Activa,7286-1292-6190-8855
TAR541,Crédito,true,AmericanExpress,2028-03-01,Activa,8025-6288-6785-7442
TAR542,Crédito,false,AmericanExpress,2026-04-01,Activa,3417-9342-8478-3054
TAR543,Débito,false,MasterCard,2028-11-01,Activa,4396-3591-9580-9658
TAR544,Crédito,false,MasterCard,2029-12-01,Activa,3959-4535-9823-3395
TAR545,Débito,true,Visa,2026-03-01,Activa,1021-9553-3873-3922
TAR546,Débito,true,MasterCard,2025-06-01,Activa,5431-8142-7846-5370
TAR547,Crédito,false,AmericanExpress,2029-07-01,Activa,5524-5325-3076-6670
TAR548,Crédito,true,MasterCard,2026-04-01,Activa,9412-1602-3558-1379
TAR549,Débito,true,AmericanExpress,2025-06-01,Activa,1523-8624-4906-4107
TAR550,Crédito,false,Visa,2028-01-01,Activa,8344-7846-6475-1715
TAR551,Débito,false,AmericanExpress,2025-12-01,Activa,2222-6742-6851-9063
TAR552,Débito,false,MasterCard,2025-06-01,Activa,8051-3730-7318-3868
TAR553,Crédito,false,Visa,2028-12-01,Activa,7123-3202-1310-3273
TAR554,Débito,false,Visa,2025-02-01,Bloqueada,6427-3899-4529-8584
TAR555,Crédito,true,Visa,2025-06-01,Activa,8350-9122-4058-7767
TAR556,Crédito,true,MasterCard,2028-02-01,Activa,5166-8319-7439-5440
TAR557,Crédito,false,MasterCard,2028-11-01,Activa,7365-6231-3952-7684
TAR558,Débito,false,MasterCard,2025-08-01,Activa,6058-6465-7842-2994
TAR559,Crédito,false,AmericanExpress,2026-05-01,Activa,5332-7031-1552-9446
TAR560,Crédito,true,Visa,2028-05-01,Activa,6684-8030-8565-5069
TAR561,Débito,false,MasterCard,2028-05-01,Activa,6773-2845-8725-7105
TAR562,Crédito,false,AmericanExpress,2025-12-01,Activa,5590-1826-5629-2501
TAR563,Crédito,false,AmericanExpress,2027-05-01,Activa,1853-3669-1096-7088
TAR564,Crédito,false,Visa,2029-02-01,Activa,9320-1869-1886-8721
TAR565,Débito,false,Visa,2026-10-01,Activa,6391-7789-5843-5089
TAR566,Crédito,false,AmericanExpress,2027-10-01,Activa,8501-5043-1172-6892
TAR567,Débito,false,AmericanExpress,2025-06-01,Activa,3576-1571-9834-9903
TAR568,Débito,false,MasterCard,2029-03-01,Activa,1123-9593-3729-9002
TAR569,Débito,false,AmericanExpress,2029-08-01,Activa,7472-5013-7335-7437
TAR570,Crédito,true,Visa,2028-03-01,Bloqueada,5756-5727-5321-6585
TAR571,Débito,true,AmericanExpress,2027-12-01,Activa,3669-1624-3892-7707
TAR572,Crédito,false,MasterCard,2027-05-01,Bloqueada,1812-5173-8775-3702
TAR573,Débito,false,Visa,2027-08-01,Activa,1829-2150-4769-6024
TAR574,Débito,true,AmericanExpress,2027-04-01,Activa,6998-8913-3419-7834
TAR575,Débito,true,MasterCard,2029-11-01,Activa,2339-4226-3129-3452
TAR576,Débito,false,Visa,2026-03-01,Activa,9993-4488-5114-7980
TAR577,Débito,true,Visa,2029-08-01,Activa,8531-4955-3699-3479
TAR578,Débito,true,AmericanExpress,2026-06-01,Activa,8031-9167-4531-6726
TAR579,Crédito,false,AmericanExpress,2025-12-01,Activa,3712-1023-8298-1105
TAR580,Débito,false,AmericanExpress,2028-04-01,Activa,4867-5501-9305-3495
TAR581,Débito,false,Visa,2028-04-01,Activa,1938-2148-9241-8165
TAR582,Débito,true,AmericanExpress,2025-06-01,Activa,7664-5023-7755-1736
TAR583,Débito,true,Visa,2026-07-01,Activa,5867-4924-2476-1606
TAR584,Débito,true,AmericanExpress,2029-03-01,Bloqueada,9574-2212-6739-4992
TAR585,Crédito,false,AmericanExpress,2028-03-01,Activa,3030-8091-6537-7332
TAR586,Crédito,true,AmericanExpress,2025-10-01,Activa,6144-1766-8878-9563
TAR587,Débito,false,AmericanExpress,2029-02-01,Activa,1413-5245-5285-9683
TAR588,Débito,true,AmericanExpress,2025-06-01,Activa,1609-7194-8755-8411
TAR589,Débito,false,AmericanExpress,2025-01-01,Activa,7208-4528-7371-2698
TAR590,Débito,true,AmericanExpress,2028-03-01,Activa,1510-8323-1806-5005
TAR591,Crédito,false,Visa,2025-09-01,Activa,2340-6463-9520-4125
TAR592,Crédito,false,MasterCard,2026-06-01,Activa,7137-8852-3843-3757
TAR593,Crédito,true,MasterCard,2025-03-01,Activa,4703-3902-3042-3208
TAR594,Crédito,true,AmericanExpress,2025-09-01,Activa,4959-4747-2476-7508
TAR595,Débito,true,AmericanExpress,2028-05-01,Activa,7451-5410-1060-2197
TAR596,Débito,false,Visa,2025-09-01,Activa,8912-7219-2492-2436
TAR597,Crédito,true,Visa,2027-12-01,Activa,3031-2242-8355-6542
TAR598,Crédito,true,MasterCard,2028-05-01,Activa,9827-9528-6500-3925
TAR599,Crédito,true,Visa,2026-02-01,Activa,7620-3461-1586-7192
TAR600,Débito,true,AmericanExpress,2025-11-01,Activa,8736-3479-7887-3157
TAR601,Crédito,true,Visa,2026-03-01,Activa,2455-7277-5017-6921
TAR602,Débito,false,Visa,2026-09-01,Activa,2674-5030-3494-8075
TAR603,Débito,false,Visa,2027-01-01,Activa,3029-3925-8835-8292
TAR604,Débito,false,AmericanExpress,2025-08-01,Activa,8708-8756-9330-4903
TAR605,Débito,true,AmericanExpress,2026-02-01,Activa,6620-1594-3090-9629
TAR606,Débito,false,Visa,2028-06-01,Activa,2028-6874-6228-4719
TAR607,Débito,false,Visa,2029-08-01,Activa,7688-9369-2132-9427
TAR608,Crédito,false,Visa,2025-06-01,Activa,4164-8338-9197-8823
TAR609,Débito,true,MasterCard,2025-04-01,Activa,3470-9953-8227-6548
TAR610,Débito,false,MasterCard,2028-07-01,Activa,8761-4360-4244-3711
TAR611,Crédito,true,Visa,2025-03-01,Activa,8569-4431-6639-7101
TAR612,Débito,true,Visa,2025-12-01,Activa,8813-9026-5213-6003
TAR613,Débito,false,AmericanExpress,2029-06-01,Activa,8040-9663-1826-7167
TAR614,Débito,false,Visa,2026-11-01,Activa,6626-4903-1824-9616
TAR615,Crédito,false,AmericanExpress,2028-08-01,Activa,8036-6192-1785-2896
TAR616,Crédito,false,Visa,2025-05-01,Activa,6413-5017-3528-6373
TAR617,Débito,false,Visa,2028-08-01,Activa,5962-6308-1097-8112
TAR618,Crédito,true,AmericanExpress,2026-03-01,Activa,7215-5112-5634-9679
TAR619,Crédito,true,Visa,2027-09-01,Bloqueada,6060-4503-9320-2846
TAR620,Crédito,false,Visa,2028-10-01,Activa,8798-7716-6327-2289
TAR621,Crédito,false,MasterCard,2026-08-01,Activa,1928-4883-6481-6498
TAR622,Débito,false,Visa,2026-07-01,Bloqueada,1002-8826-8744-5792
TAR623,Débito,false,MasterCard,2026-08-01,Activa,6236-9257-8109-6415
TAR624,Crédito,true,Visa,2027-09-01,Activa,6990-5528-6273-1212
TAR625,Crédito,false,MasterCard,2025-09-01,Activa,2410-3501-7763-4400
TAR626,Crédito,false,AmericanExpress,2027-02-01,Activa,3673-2098-9858-1573
TAR627,Débito,false,Visa,2025-02-01,Activa,9274-5628-7845-9677
TAR628,Crédito,false,Visa,2027-01-01,Activa,3546-4941-6345-9447
TAR629,Débito,true,AmericanExpress,2029-11-01,Activa,7151-9073-1336-1638
TAR630,Débito,true,AmericanExpress,2026-03-01,Activa,3181-9567-2067-9453
TAR631,Débito,true,Visa,2027-04-01,Activa,3877-5239-8055-9967
TAR632,Crédito,false,AmericanExpress,2026-01-01,Activa,3224-7181-3971-5415
TAR633,Débito,false,AmericanExpress,2026-09-01,Activa,2775-2813-2463-2978
TAR634,Crédito,true,AmericanExpress,2027-12-01,Activa,6836-6054-7465-9947
TAR635,Débito,false,AmericanExpress,2027-02-01,Activa,7211-3221-4265-9086
TAR636,Crédito,false,MasterCard,2025-02-01,Activa,6036-3884-8886-2749
TAR637,Crédito,false,MasterCard,2029-07-01,Activa,5855-1606-5790-9476
TAR638,Débito,true,MasterCard,2026-12-01,Activa,7789-2276-3382-1249
TAR639,Débito,false,Visa,2028-08-01,Activa,6462-3697-9394-3924
TAR640,Débito,false,Visa,2028-05-01,Activa,7383-2041-3492-8435
TAR641,Crédito,true,MasterCard,2029-12-01,Activa,7695-9859-8071-3729
TAR642,Crédito,false,MasterCard,2025-07-01,Activa,8218-1157-2844-2989
TAR643,Crédito,true,MasterCard,2027-03-01,Activa,9537-4326-9131-9778
TAR644,Débito,true,AmericanExpress,2025-03-01,Activa,3590-4141-1511-5796
TAR645,Crédito,false,MasterCard,2029-11-01,Activa,5123-3094-6805-7717
TAR646,Crédito,true,MasterCard,2028-04-01,Activa,2186-5742-8398-3260
TAR647,Débito,true,MasterCard,2026-09-01,Activa,8259-1670-6917-6780
TAR648,Débito,true,AmericanExpress,2027-06-01,Activa,2071-4030-1390-6309
TAR649,Débito,false,MasterCard,2028-01-01,Activa,7083-3295-9156-3814
TAR650,Crédito,false,MasterCard,2025-06-01,Activa,9574-1906-5013-7275
TAR651,Débito,true,MasterCard,2025-07-01,Activa,5044-9555-9385-6891
TAR652,Crédito,true,MasterCard,2025-06-01,Activa,6999-8834-4863-4242
TAR653,Débito,true,MasterCard,2025-08-01,Activa,7995-7997-5849-7744
TAR654,Débito,false,Visa,2026-03-01,Activa,8075-2004-9567-8963
TAR655,Débito,false,Visa,2027-12-01,Bloqueada,4191-4294-3540-6836
TAR656,Crédito,false,Visa,2027-12-01,Activa,2130-6429-4549-2476
TAR657,Crédito,false,MasterCard,2027-01-01,Activa,4795-1772-3026-6009
TAR658,Débito,true,Visa,2029-11-01,Activa,6586-9608-7644-4325
TAR659,Débito,false,Visa,2028-07-01,Activa,4394-5089-7485-2304
TAR660,Crédito,true,Visa,2028-05-01,Activa,7342-2385-4850-7657
TAR661,Crédito,false,MasterCard,2029-03-01,Activa,8272-9036-4875-3078
TAR662,Débito,true,Visa,2026-10-01,Activa,3994-4607-1584-9312
TAR663,Crédito,true,Visa,2025-08-01,Activa,6942-4809-9159-1633
TAR664,Crédito,false,AmericanExpress,2028-08-01,Activa,9254-9391-7080-3848
TAR665,Débito,true,AmericanExpress,2028-10-01,Activa,5026-6225-9395-4819
TAR666,Débito,false,Visa,2025-12-01,Bloqueada,8006-2585-9203-2756
TAR667,Débito,false,AmericanExpress,2026-11-01,Activa,7809-2098-7357-1383
TAR668,Débito,true,MasterCard,2027-09-01,Activa,1133-3210-4351-4444
TAR669,Débito,false,AmericanExpress,2029-03-01,Activa,1292-6882-7282-3989
TAR670,Crédito,true,AmericanExpress,2028-05-01,Activa,5537-2133-5873-6899
TAR671,Débito,false,Visa,2026-09-01,Activa,4795-4897-1182-5521
TAR672,Crédito,false,AmericanExpress,2029-06-01,Activa,9555-5453-1816-8117
TAR673,Crédito,false,AmericanExpress,2028-02-01,Activa,1910-5935-1169-9778
TAR674,Crédito,true,MasterCard,2028-12-01,Activa,1266-4459-9995-4281
TAR675,Crédito,true,AmericanExpress,2025-05-01,Activa,7589-3651-6431-5457
TAR676,Débito,false,MasterCard,2025-01-01,Activa,3785-8644-5595-8492
TAR677,Crédito,false,AmericanExpress,2029-06-01,Activa,5339-2786-4533-1475
TAR678,Débito,false,MasterCard,2028-06-01,Activa,4722-7817-3223-4740
TAR679,Crédito,true,AmericanExpress,2025-07-01,Activa,7190-8900-7191-8707
TAR680,Crédito,false,MasterCard,2025-02-01,Activa,4247-2028-4739-6527
TAR681,Crédito,true,MasterCard,2025-08-01,Activa,6102-3450-2179-1392
TAR682,Débito,true,MasterCard,2028-03-01,Activa,3885-6366-2426-8022
TAR683,Débito,true,MasterCard,2029-11-01,Activa,7785-9713-1598-6447
TAR684,Crédito,false,Visa,2029-11-01,Activa,9088-8323-3987-4614
TAR685,Débito,false,AmericanExpress,2027-08-01,Activa,3669-6620-2693-7866
TAR686,Crédito,false,AmericanExpress,2028-06-01,Activa,4916-4345-3368-6406
TAR687,Débito,true,AmericanExpress,2029-01-01,Activa,2894-2606-9720-3873
TAR688,Crédito,false,Visa,2029-02-01,Activa,1476-7587-7748-1298
TAR689,Débito,false,MasterCard,2027-11-01,Bloqueada,9715-1373-1771-2407
TAR690,Débito,false,AmericanExpress,2027-10-01,Activa,2205-4356-5596-9025
TAR691,Débito,false,Visa,2026-02-01,Activa,7339-8592-5631-1610
TAR692,Crédito,false,AmericanExpress,2029-07-01,Bloqueada,8439-9767-7987-7627
TAR693,Crédito,false,AmericanExpress,2029-03-01,Activa,2436-4201-8635-6953
TAR694,Crédito,false,Visa,2025-01-01,Activa,2192-7882-8219-1998
TAR695,Crédito,true,AmericanExpress,2028-09-01,Activa,8645-6194-6534-1128
TAR696,Débito,true,MasterCard,2025-08-01,Activa,6197-6811-1493-2038
TAR697,Débito,true,AmericanExpress,2027-07-01,Activa,8018-8338-1285-1557
TAR698,Débito,false,Visa,2029-04-01,Bloqueada,8410-5381-1524-5418
TAR699,Crédito,false,Visa,2028-08-01,Activa,7792-2751-9167-9870
TAR700,Crédito,true,AmericanExpress,2029-11-01,Activa,7649-2599-3933-6361
TAR701,Crédito,true,Visa,2028-07-01,Activa,5909-9069-5439-5896
TAR702,Crédito,false,Visa,2027-05-01,Activa,8291-5816-5100-5650
TAR703,Crédito,false,MasterCard,2026-11-01,Activa,6001-7107-7475-7191
TAR704,Débito,false,MasterCard,2029-10-01,Activa,9644-6987-7339-4498
TAR705,Débito,false,AmericanExpress,2029-07-01,Activa,3129-3142-6957-6113
TAR706,Débito,false,MasterCard,2029-01-01,Activa,6051-4251-6633-8403
TAR707,Crédito,true,Visa,2029-07-01,Activa,8503-7465-8862-6385
TAR708,Crédito,false,Visa,2027-02-01,Activa,7478-4006-5454-5963
TAR709,Débito,false,Visa,2028-10-01,Activa,4679-1703-3327-2214
TAR710,Crédito,true,Visa,2028-05-01,Activa,9328-9796-4032-1396
TAR711,Débito,false,Visa,2026-08-01,Activa,4133-4936-3750-9299
TAR712,Crédito,false,MasterCard,2025-10-01,Activa,3255-6844-4503-1584
TAR713,Crédito,true,Visa,2029-02-01,Activa,8501-8276-1054-5343
TAR714,Débito,false,Visa,2027-02-01,Activa,8341-6203-2078-5254
TAR715,Débito,false,Visa,2026-11-01,Activa,3789-9110-7393-2124
TAR716,Crédito,false,AmericanExpress,2026-02-01,Activa,8141-6606-5197-6026
TAR717,Crédito,false,AmericanExpress,2026-10-01,Activa,1059-4191-1525-8750
TAR718,Crédito,false,AmericanExpress,2025-09-01,Activa,5995-5286-3259-6649
TAR719,Débito,true,AmericanExpress,2027-10-01,Activa,8637-5130-3609-9778
TAR720,Débito,false,MasterCard,2028-07-01,Activa,4033-8280-3996-6878
TAR721,Crédito,false,MasterCard,2029-10-01,Activa,1150-9189-7413-2858
TAR722,Crédito,false,Visa,2026-01-01,Bloqueada,7490-6026-8637-2185
TAR723,Crédito,true,Visa,2028-09-01,Activa,9189-6189-8316-6402
TAR724,Crédito,true,Visa,2027-02-01,Activa,9270-9907-3452-5238
TAR725,Débito,false,MasterCard,2026-05-01,Activa,7344-6358-8071-6119
TAR726,Débito,false,MasterCard,2027-03-01,Activa,9278-2647-3874-5600
TAR727,Crédito,true,Visa,2027-08-01,Activa,4236-9263-5125-5075
TAR728,Débito,false,Visa,2025-04-01,Activa,7481-8898-1933-9689
TAR729,Débito,true,MasterCard,2025-05-01,Activa,6173-9864-9139-1690
TAR730,Débito,true,MasterCard,2028-09-01,Activa,7250-2408-6860-1117
TAR731,Débito,false,Visa,2028-06-01,Activa,7498-6146-7871-6782
TAR732,Débito,true,AmericanExpress,2029-02-01,Activa,7786-4273-1321-1627
TAR733,Débito,true,Visa,2027-03-01,Activa,2074-9956-4069-6946
TAR734,Crédito,true,MasterCard,2029-06-01,Activa,7848-6297-3877-8206
TAR735,Débito,true,AmericanExpress,2025-10-01,Activa,4763-6029-4214-5803
TAR736,Débito,false,AmericanExpress,2028-12-01,Activa,6848-2054-5751-9432
TAR737,Crédito,true,MasterCard,2027-05-01,Activa,8641-1176-3661-7230
TAR738,Crédito,true,AmericanExpress,2028-12-01,Activa,5484-7047-6498-1850
TAR739,Débito,true,Visa,2027-03-01,Activa,5265-5188-4884-9818
TAR740,Crédito,true,Visa,2029-05-01,Activa,7245-7830-9882-4312
TAR741,Débito,true,Visa,2026-12-01,Activa,8460-6907-6852-4220
TAR742,Débito,true,AmericanExpress,2029-12-01,Activa,5546-4374-5509-9970
TAR743,Débito,false,AmericanExpress,2029-01-01,Activa,2329-1660-6388-1335
TAR744,Crédito,false,MasterCard,2028-07-01,Activa,3456-5953-5712-1273
TAR745,Débito,false,AmericanExpress,2029-01-01,Activa,6467-7716-8713-6537
TAR746,Crédito,true,Visa,2025-08-01,Activa,8979-1552-8912-8453
TAR747,Crédito,false,AmericanExpress,2026-10-01,Activa,8020-4319-7060-3992
TAR748,Crédito,false,MasterCard,2029-09-01,Activa,8215-3112-7594-9779
TAR749,Crédito,false,MasterCard,2028-09-01,Activa,3798-4418-6952-2481
TAR750,Débito,false,Visa,2026-01-01,Activa,5468-8373-7725-7069
TAR751,Crédito,false,Visa,2026-11-01,Activa,5701-7835-6344-7657
TAR752,Débito,true,MasterCard,2026-01-01,Activa,9722-2586-6649-1255
TAR753,Débito,true,MasterCard,2027-07-01,Activa,8350-6338-3976-4777
TAR754,Crédito,false,AmericanExpress,2026-08-01,Activa,2408-4058-9433-5000
TAR755,Crédito,true,MasterCard,2027-01-01,Activa,7699-6111-8411-2618
TAR756,Débito,false,Visa,2026-10-01,Activa,9474-8605-7186-6920
TAR757,Crédito,false,Visa,2029-05-01,Bloqueada,4221-3883-6450-4942
TAR758,Débito,false,Visa,2027-12-01,Activa,7465-7923-7988-9670
TAR759,Débito,false,AmericanExpress,2027-04-01,Activa,3268-2675-8560-3592
TAR760,Crédito,false,AmericanExpress,2025-10-01,Activa,5478-1924-1138-8034
TAR761,Crédito,false,Visa,2029-07-01,Activa,7940-2807-1701-4188
TAR762,Crédito,false,Visa,2027-08-01,Activa,6546-1005-8852-4224
TAR763,Débito,false,Visa,2025-08-01,Activa,1429-1771-4593-1654
TAR764,Crédito,false,Visa,2028-05-01,Activa,8054-2368-3477-2036
TAR765,Débito,true,MasterCard,2027-01-01,Activa,2494-3626-9118-3860
TAR766,Crédito,false,MasterCard,2025-07-01,Activa,7598-8003-4344-8196
TAR767,Débito,true,Visa,2027-08-01,Activa,8088-1233-8047-4110
TAR768,Crédito,false,MasterCard,2025-03-01,Activa,6063-6396-5191-6475
TAR769,Crédito,true,MasterCard,2028-03-01,Activa,7868-2734-2492-4454
TAR770,Crédito,true,AmericanExpress,2027-07-01,Activa,6043-7275-3391-9946
TAR771,Débito,true,Visa,2027-07-01,Bloqueada,2524-9504-1882-8594
TAR772,Crédito,true,Visa,2026-05-01,Activa,7206-1241-2416-3622
TAR773,Crédito,true,MasterCard,2027-07-01,Activa,8693-2148-4254-4540
TAR774,Débito,false,AmericanExpress,2028-01-01,Bloqueada,6055-4001-8193-6849
TAR775,Crédito,true,AmericanExpress,2029-07-01,Activa,3615-1307-9724-6754
TAR776,Débito,false,AmericanExpress,2025-10-01,Activa,4565-7323-8001-7724
TAR777,Crédito,false,AmericanExpress,2028-10-01,Activa,4180-8957-1658-3344
TAR778,Crédito,false,AmericanExpress,2029-06-01,Activa,8346-7708-5627-2615
TAR779,Crédito,false,Visa,2027-03-01,Activa,4825-6984-5705-2454
TAR780,Crédito,true,MasterCard,2026-10-01,Activa,4514-6365-7902-8706
TAR781,Crédito,true,Visa,2027-12-01,Activa,3456-9298-4146-7807
TAR782,Débito,true,MasterCard,2028-07-01,Activa,2213-8855-3260-8918
TAR783,Débito,true,AmericanExpress,2028-09-01,Activa,2670-7281-9925-9520
TAR784,Crédito,false,AmericanExpress,2029-02-01,Activa,2277-5217-9646-1028
TAR785,Débito,true,MasterCard,2027-12-01,Activa,9015-7911-8074-5383
TAR786,Crédito,true,AmericanExpress,2028-08-01,Activa,2361-6927-3191-1003
TAR787,Crédito,false,MasterCard,2028-02-01,Activa,7521-3426-1740-4466
TAR788,Débito,false,Visa,2027-04-01,Activa,7021-7376-1462-5008
TAR789,Débito,true,MasterCard,2027-10-01,Activa,9224-4073-5383-7210
TAR790,Crédito,false,AmericanExpress,2028-04-01,Activa,6382-9686-2608-4391
TAR791,Débito,false,MasterCard,2027-03-01,Activa,1643-1027-5632-5336
TAR792,Débito,true,AmericanExpress,2029-02-01,Activa,1351-7997-9559-9225
TAR793,Crédito,false,AmericanExpress,2029-07-01,Activa,3221-9051-9798-3388
TAR794,Crédito,true,Visa,2029-07-01,Activa,1535-1685-2510-5228
TAR795,Crédito,false,MasterCard,2026-01-01,Activa,4952-3122-7252-6919
TAR796,Crédito,true,Visa,2026-06-01,Activa,6639-5657-9028-4032
TAR797,Débito,false,Visa,2029-04-01,Activa,8186-2490-9694-9601
TAR798,Débito,true,Visa,2025-09-01,Activa,5782-5901-1983-5729
TAR799,Crédito,true,MasterCard,2029-05-01,Activa,6116-3354-5684-6313
TAR800,Débito,true,MasterCard,2029-08-01,Activa,1284-3448-4804-8245
TAR801,Débito,true,AmericanExpress,2026-09-01,Activa,6948-8936-2585-6788
TAR802,Débito,true,MasterCard,2028-07-01,Activa,1590-7534-2987-8153
TAR803,Débito,false,Visa,2026-10-01,Activa,6086-9110-2999-8264
TAR804,Débito,false,MasterCard,2029-10-01,Activa,8338-7270-2283-3037
TAR805,Crédito,false,MasterCard,2026-06-01,Activa,6365-8033-4191-6247
TAR806,Débito,false,Visa,2025-05-01,Activa,7970-8896-7846-7585
TAR807,Crédito,true,AmericanExpress,2028-05-01,Activa,5111-9499-3723-3288
TAR808,Débito,false,Visa,2029-11-01,Activa,6863-8462-2998-6585
TAR809,Crédito,true,MasterCard,2029-09-01,Activa,7262-1572-2786-6969
TAR810,Débito,true,Visa,2027-12-01,Activa,7941-3327-7847-1316
TAR811,Débito,true,AmericanExpress,2027-04-01,Activa,8670-1085-4518-4001
TAR812,Débito,false,AmericanExpress,2028-08-01,Activa,2589-6459-5727-7014
TAR813,Débito,true,Visa,2025-03-01,Activa,8588-8849-4438-5171
TAR814,Crédito,false,Visa,2026-07-01,Activa,6809-6039-6212-4363
TAR815,Débito,false,AmericanExpress,2026-04-01,Activa,4533-8246-4064-1091
TAR816,Crédito,true,AmericanExpress,2029-03-01,Activa,4091-5216-7906-6438
TAR817,Crédito,true,MasterCard,2026-09-01,Activa,8331-8166-7724-1658
TAR818,Crédito,true,MasterCard,2026-02-01,Activa,9780-9333-7286-9425
TAR819,Crédito,true,AmericanExpress,2027-05-01,Activa,3998-9295-4409-7300
TAR820,Crédito,true,Visa,2026-10-01,Activa,8807-6455-6253-4458
TAR821,Crédito,true,Visa,2028-12-01,Activa,7377-3511-5491-1870
TAR822,Crédito,false,Visa,2025-11-01,Activa,6858-2182-1411-5752
TAR823,Débito,true,AmericanExpress,2026-04-01,Activa,8166-5001-6236-8401
TAR824,Débito,true,MasterCard,2025-05-01,Activa,6382-5227-9928-9001
TAR825,Crédito,true,AmericanExpress,2025-12-01,Bloqueada,3821-9271-6279-4814
TAR826,Crédito,false,Visa,2027-03-01,Activa,5422-8825-9375-6863
TAR827,Crédito,true,Visa,2028-05-01,Activa,6591-1541-8604-6918
TAR828,Débito,false,MasterCard,2025-02-01,Activa,7853-9840-1812-2715
TAR829,Débito,false,AmericanExpress,2027-10-01,Activa,6783-6228-8618-8957
TAR830,Débito,true,MasterCard,2026-06-01,Activa,6594-5067-9284-9795
TAR831,Crédito,true,Visa,2029-08-01,Activa,7643-9346-7676-1899
TAR832,Crédito,true,AmericanExpress,2029-01-01,Activa,4521-3135-5586-2674
TAR833,Crédito,true,AmericanExpress,2027-04-01,Activa,1470-6134-3049-2742
TAR834,Crédito,true,Visa,2028-01-01,Bloqueada,6540-9109-7905-8875
TAR835,Débito,true,MasterCard,2026-03-01,Activa,8068-9639-3151-5845
TAR836,Crédito,false,AmericanExpress,2028-11-01,Activa,1267-2428-9076-5511
TAR837,Crédito,false,Visa,2029-05-01,Activa,1340-4191-2894-6726
TAR838,Débito,false,AmericanExpress,2025-04-01,Activa,1162-8388-9462-9664
TAR839,Crédito,false,MasterCard,2027-07-01,Activa,7442-9154-6834-4431
TAR840,Débito,false,MasterCard,2026-10-01,Activa,1322-6146-9032-7498
TAR841,Crédito,true,AmericanExpress,2027-07-01,Activa,4900-7071-8109-2243
TAR842,Crédito,true,AmericanExpress,2026-03-01,Activa,8943-7425-7387-4466
TAR843,Crédito,false,MasterCard,2028-10-01,Activa,6897-5419-1754-1088
TAR844,Débito,false,AmericanExpress,2029-03-01,Activa,4013-3200-1752-6429
TAR845,Crédito,false,MasterCard,2028-09-01,Activa,8272-4773-5950-6718
TAR846,Débito,false,MasterCard,2028-01-01,Activa,1899-8569-9511-8637
TAR847,Débito,false,AmericanExpress,2027-10-01,Activa,5523-6574-7425-4263
TAR848,Débito,true,MasterCard,2027-01-01,Activa,6066-2476-7274-8132
TAR849,Crédito,false,MasterCard,2029-07-01,Activa,7718-9607-2088-3491
TAR850,Crédito,true,MasterCard,2026-08-01,Activa,2597-4269-3242-6678
TAR851,Débito,true,MasterCard,2026-03-01,Activa,9001-8581-8466-4606
TAR852,Débito,true,MasterCard,2029-12-01,Activa,2394-2054-6861-9509
TAR853,Débito,false,AmericanExpress,2027-11-01,Activa,1474-5582-5330-1545
TAR854,Crédito,true,AmericanExpress,2026-06-01,Activa,6264-2935-2319-2273
TAR855,Crédito,false,MasterCard,2028-10-01,Activa,1027-7686-5040-5642
TAR856,Débito,true,Visa,2029-04-01,Activa,8426-9125-3893-6381
TAR857,Débito,true,MasterCard,2027-06-01,Activa,8905-1264-5153-2724
TAR858,Crédito,false,MasterCard,2028-08-01,Bloqueada,1826-6657-2859-1068
TAR859,Crédito,false,MasterCard,2027-05-01,Activa,6871-2334-8450-4327
TAR860,Crédito,true,Visa,2026-12-01,Activa,7467-8684-1970-5189
TAR861,Débito,true,AmericanExpress,2028-03-01,Activa,2085-7566-5027-5163
TAR862,Débito,false,Visa,2027-08-01,Activa,4004-9797-2465-6018
TAR863,Débito,true,MasterCard,2028-12-01,Activa,9416-2468-5120-6702
TAR864,Débito,true,Visa,2026-01-01,Activa,6315-6542-2861-4158
TAR865,Débito,true,Visa,2025-07-01,Activa,8341-8702-9431-2544
TAR866,Débito,true,MasterCard,2025-11-01,Activa,7924-8927-8316-8769
TAR867,Crédito,true,MasterCard,2026-02-01,Activa,9232-2871-8655-9950
TAR868,Débito,false,Visa,2026-05-01,Activa,8179-4738-4201-4313
TAR869,Débito,false,Visa,2025-07-01,Activa,8271-8526-1290-6995
TAR870,Crédito,false,MasterCard,2028-12-01,Activa,4084-1059-5764-3986
TAR871,Crédito,true,AmericanExpress,2027-03-01,Activa,8560-8798-3489-5372
TAR872,Crédito,true,Visa,2026-12-01,Activa,9484-4801-7022-5163
TAR873,Débito,false,Visa,2029-05-01,Activa,5185-8046-4412-3521
TAR874,Débito,true,AmericanExpress,2027-08-01,Activa,3830-9082-8050-1276
TAR875,Crédito,true,MasterCard,2029-11-01,Activa,5048-2246-6256-7869
TAR876,Débito,false,AmericanExpress,2027-07-01,Activa,1397-5591-5779-9591
TAR877,Débito,false,MasterCard,2028-06-01,Activa,5758-2404-2977-8264
TAR878,Crédito,false,AmericanExpress,2027-03-01,Activa,7125-4823-1742-8421
TAR879,Crédito,true,Visa,2025-12-01,Activa,7759-6359-7259-1269
TAR880,Crédito,false,AmericanExpress,2028-08-01,Activa,2249-5949-8932-9508
TAR881,Débito,false,MasterCard,2027-04-01,Activa,5938-2712-6274-3066
TAR882,Débito,false,AmericanExpress,2029-08-01,Activa,2539-2159-3839-1906
TAR883,Crédito,false,MasterCard,2029-01-01,Activa,2307-7851-2531-4427
TAR884,Débito,true,Visa,2027-08-01,Activa,1102-1625-1910-2011
TAR885,Débito,true,Visa,2029-07-01,Activa,5566-4292-4994-6761
TAR886,Crédito,true,AmericanExpress,2029-01-01,Activa,8204-5372-8452-7865
TAR887,Crédito,true,MasterCard,2027-11-01,Activa,2983-3396-3232-7537
TAR888,Crédito,false,AmericanExpress,2025-06-01,Activa,6655-9924-5663-4961
TAR889,Débito,false,Visa,2025-10-01,Activa,8774-8430-9962-9030
TAR890,Débito,false,AmericanExpress,2029-09-01,Activa,1157-6924-5997-6280
TAR891,Débito,true,MasterCard,2025-12-01,Activa,2651-6608-4478-6785
TAR892,Crédito,false,AmericanExpress,2029-05-01,Activa,7508-4839-4556-5697
TAR893,Débito,false,MasterCard,2025-11-01,Activa,6311-8979-1101-6031
TAR894,Débito,false,Visa,2025-01-01,Activa,2758-7363-4196-3954
TAR895,Crédito,true,MasterCard,2026-01-01,Activa,9915-4705-7275-6929
TAR896,Crédito,true,MasterCard,2029-04-01,Activa,3598-2141-3049-4000
TAR897,Débito,true,Visa,2026-04-01,Activa,7584-8353-6305-4976
TAR898,Crédito,true,MasterCard,2026-05-01,Activa,2834-1792-8798-2389
TAR899,Débito,true,AmericanExpress,2025-07-01,Activa,9071-2455-9344-5545
TAR900,Crédito,false,MasterCard,2026-03-01,Activa,6305-9529-7476-2788
TAR901,Débito,false,AmericanExpress,2029-08-01,Activa,1423-3629-7905-2695
TAR902,Débito,false,Visa,2028-12-01,Activa,8525-6604-5491-8395
TAR903,Débito,false,Visa,2028-05-01,Activa,2866-3566-1583-5558
TAR904,Crédito,false,Visa,2026-04-01,Activa,6053-6910-3486-2580
TAR905,Crédito,true,AmericanExpress,2026-05-01,Activa,2691-1926-5943-3777
TAR906,Débito,true,MasterCard,2028-07-01,Activa,7283-3788-7024-6369
TAR907,Débito,false,AmericanExpress,2026-09-01,Activa,4492-5552-3650-2364
TAR908,Crédito,true,AmericanExpress,2028-06-01,Activa,3501-4107-8233-9660
TAR909,Crédito,true,Visa,2029-03-01,Activa,3432-7535-1090-5107
TAR910,Débito,true,AmericanExpress,2028-11-01,Activa,5768-7609-6161-5480
TAR911,Crédito,true,MasterCard,2025-03-01,Activa,7194-9523-3420-8251
TAR912,Crédito,false,MasterCard,2028-05-01,Activa,2368-6743-5895-1825
TAR913,Crédito,false,AmericanExpress,2025-01-01,Activa,6968-4116-5236-3631
TAR914,Crédito,true,Visa,2029-09-01,Activa,3704-4922-1122-6221
TAR915,Crédito,true,AmericanExpress,2028-04-01,Activa,3296-9466-2138-4500
TAR916,Débito,true,MasterCard,2026-08-01,Activa,5993-3993-8405-7746
TAR917,Débito,true,Visa,2029-12-01,Activa,2029-5873-1515-7353
TAR918,Crédito,false,MasterCard,2028-04-01,Activa,3948-1151-6495-3786
TAR919,Débito,true,Visa,2026-07-01,Activa,5958-2108-2419-4804
TAR920,Débito,false,AmericanExpress,2028-06-01,Bloqueada,3912-7760-7284-4754
TAR921,Débito,false,AmericanExpress,2026-08-01,Activa,3108-8392-6518-1454
TAR922,Crédito,true,AmericanExpress,2025-04-01,Activa,8037-2860-8707-8060
TAR923,Crédito,false,Visa,2026-04-01,Activa,3938-7278-5532-2933
TAR924,Crédito,true,AmericanExpress,2029-11-01,Activa,3952-4615-8936-2585
TAR925,Débito,false,AmericanExpress,2025-05-01,Activa,4294-9193-7436-3021
TAR926,Débito,true,AmericanExpress,2029-10-01,Activa,9762-4543-9984-1155
TAR927,Débito,true,MasterCard,2027-01-01,Activa,5123-5864-9849-4133
TAR928,Débito,false,AmericanExpress,2027-05-01,Activa,5505-9023-1243-3606
TAR929,Crédito,true,AmericanExpress,2025-12-01,Activa,5551-5441-3605-4925
TAR930,Crédito,true,AmericanExpress,2025-05-01,Activa,4801-1447-6197-4853
TAR931,Débito,false,Visa,2027-04-01,Activa,8421-6261-7936-8106
TAR932,Crédito,false,Visa,2028-09-01,Activa,1081-9671-3363-2359
TAR933,Débito,false,Visa,2029-02-01,Bloqueada,5929-8493-9031-5114
TAR934,Crédito,true,AmericanExpress,2027-09-01,Activa,4378-3933-2095-4454
TAR935,Débito,false,Visa,2027-07-01,Activa,6698-3858-8296-9164
TAR936,Crédito,true,AmericanExpress,2028-06-01,Activa,6847-3663-4200-8969
TAR937,Crédito,false,AmericanExpress,2025-08-01,Activa,8913-2351-9001-4866
TAR938,Crédito,false,Visa,2028-10-01,Activa,3971-2232-3445-2570
TAR939,Crédito,false,Visa,2028-07-01,Activa,9733-4561-4822-4413
TAR940,Crédito,true,AmericanExpress,2025-04-01,Activa,3374-5807-2065-2784
TAR941,Débito,false,AmericanExpress,2028-10-01,Bloqueada,4706-2187-7606-8454
TAR942,Débito,false,MasterCard,2028-12-01,Activa,8622-4561-8891-4405
TAR943,Crédito,false,Visa,2026-01-01,Activa,9133-8855-9740-3116
TAR944,Débito,false,MasterCard,2028-07-01,Activa,9318-7048-3764-3150
TAR945,Débito,false,MasterCard,2029-11-01,Activa,5812-2816-2674-1809
TAR946,Débito,false,Visa,2027-06-01,Activa,9200-6115-3834-5518
TAR947,Débito,false,Visa,2027-07-01,Activa,7982-6772-6590-6687
TAR948,Crédito,true,AmericanExpress,2027-02-01,Activa,7256-1695-4166-6574
TAR949,Débito,true,Visa,2029-09-01,Activa,5259-6461-6680-3383
TAR950,Crédito,false,Visa,2025-10-01,Activa,3118-6813-8091-8842
TAR951,Crédito,true,Visa,2025-05-01,Activa,4548-5056-1929-3171
TAR952,Débito,false,AmericanExpress,2026-10-01,Activa,7268-4032-3269-6587
TAR953,Débito,true,MasterCard,2028-02-01,Activa,5605-5709-2769-8541
TAR954,Crédito,false,AmericanExpress,2025-02-01,Activa,4140-5729-6202-6295
TAR955,Débito,false,MasterCard,2026-04-01,Activa,9392-8860-7223-7247
TAR956,Crédito,false,Visa,2027-02-01,Activa,5782-5309-3022-6762
TAR957,Débito,false,Visa,2025-07-01,Activa,7691-9727-3545-6375
TAR958,Débito,false,Visa,2029-06-01,Activa,7123-1239-4960-3144
TAR959,Crédito,true,Visa,2026-03-01,Activa,7590-2939-3677-5055
TAR960,Débito,true,AmericanExpress,2029-04-01,Activa,6400-5012-2241-8744
TAR961,Crédito,false,AmericanExpress,2026-04-01,Activa,8478-7726-9407-6701
TAR962,Crédito,false,AmericanExpress,2029-02-01,Activa,1151-6668-1514-6162
TAR963,Crédito,false,AmericanExpress,2025-06-01,Activa,6665-7552-3678-4099
TAR964,Crédito,false,AmericanExpress,2026-01-01,Activa,1733-4430-5513-5979
TAR965,Crédito,false,Visa,2029-01-01,Activa,7517-5423-5864-1847
TAR966,Crédito,false,Visa,2025-02-01,Activa,9797-9477-1761-9383
TAR967,Débito,true,MasterCard,2028-04-01,Activa,8631-2712-9822-1534
TAR968,Débito,true,Visa,2026-10-01,Activa,7602-7889-3755-1525
TAR969,Crédito,true,Visa,2029-03-01,Activa,4662-3218-6983-1966
TAR970,Débito,false,AmericanExpress,2026-01-01,Activa,8211-5674-2403-7306
TAR971,Crédito,true,AmericanExpress,2025-11-01,Activa,9127-7046-3168-7155
TAR972,Débito,true,AmericanExpress,2026-08-01,Activa,4988-5667-7531-4546
TAR973,Débito,false,Visa,2027-08-01,Bloqueada,2941-4018-5833-4464
TAR974,Débito,true,MasterCard,2029-07-01,Activa,4408-2038-8186-3957
TAR975,Débito,false,Visa,2026-02-01,Activa,9079-7052-6108-6943
TAR976,Crédito,true,AmericanExpress,2025-10-01,Activa,9379-8108-6783-5938
TAR977,Crédito,false,MasterCard,2025-07-01,Activa,4263-8787-1724-7807
TAR978,Débito,false,Visa,2026-05-01,Activa,5573-4823-6615-3083
TAR979,Débito,true,Visa,2027-05-01,Activa,6921-8973-7093-6873
TAR980,Débito,false,Visa,2026-09-01,Activa,5046-9269-9408-9279
TAR981,Débito,false,MasterCard,2025-06-01,Activa,1591-2199-5407-2703
TAR982,Débito,false,Visa,2029-08-01,Activa,3029-1696-8877-2320
TAR983,Crédito,false,MasterCard,2027-11-01,Activa,6143-8854-4377-2689
TAR984,Débito,false,AmericanExpress,2028-08-01,Activa,1965-7307-7707-6789
TAR985,Crédito,false,AmericanExpress,2028-01-01,Activa,7828-3468-4565-5717
TAR986,Crédito,false,MasterCard,2028-12-01,Activa,5469-1331-6392-7735
TAR987,Crédito,true,AmericanExpress,2026-07-01,Activa,2481-7727-2150-4047
TAR988,Débito,false,Visa,2026-07-01,Activa,8502-7481-2816-9942
TAR989,Crédito,false,AmericanExpress,2029-03-01,Activa,9805-5873-2545-1743
TAR990,Débito,true,MasterCard,2026-07-01,Activa,8885-9386-9092-4875
TAR991,Crédito,true,AmericanExpress,2025-11-01,Activa,2013-9357-1607-3495
TAR992,Débito,false,AmericanExpress,2029-03-01,Activa,8371-8442-8531-7188
TAR993,Crédito,true,AmericanExpress,2028-05-01,Activa,3930-9631-9591-3107
TAR994,Débito,true,MasterCard,2027-03-01,Activa,7145-6281-4082-3452
TAR995,Débito,true,AmericanExpress,2027-03-01,Bloqueada,7732-7326-4179-1529
TAR996,Crédito,true,MasterCard,2029-08-01,Activa,3691-4607-3670-4994
TAR997,Débito,true,AmericanExpress,2026-09-01,Activa,8576-3832-4619-5650
TAR998,Crédito,false,MasterCard,2029-09-01,Activa,2697-3091-5003-5374
TAR999,Crédito,false,Visa,2026-11-01,Bloqueada,8953-6495-2356-5827
TAR1000,Crédito,false,MasterCard,2026-05-01,Activa,7193-6685-7411-8362
