id_transaccion,id_cuenta,tiempo_transferencia,confirmada_por_destino,internacional
T1,CU446,00:30:00,true,true
T2,CU322,00:30:00,true,false
T3,CU576,00:30:00,true,false
T4,CU669,00:30:00,true,true
T5,CU180,00:30:00,true,true
T6,CU149,00:30:00,true,true
T7,CU65,00:30:00,true,true
T8,CU249,00:30:00,true,true
T9,CU831,00:30:00,true,false
T10,CU766,00:30:00,true,false
T11,CU1006,00:30:00,true,true
T12,CU258,00:30:00,false,true
T13,CU526,00:30:00,true,false
T14,CU239,00:30:00,true,true
T15,CU46,00:30:00,true,true
T16,CU407,00:30:00,true,false
T17,CU772,00:30:00,true,false
T18,CU412,00:30:00,true,true
T19,CU656,00:30:00,true,false
T20,CU735,00:30:00,true,false
T21,CU32,00:30:00,true,false
T22,CU17,00:30:00,true,false
T23,CU837,00:30:00,true,true
T24,CU389,00:30:00,true,false
T25,CU433,00:30:00,true,true
T26,CU545,00:30:00,true,false
T27,CU30,00:30:00,true,true
T28,CU139,00:30:00,true,false
T29,CU604,00:30:00,true,false
T30,CU401,00:30:00,true,true
T31,CU601,00:30:00,true,true
T32,CU617,00:30:00,true,true
T33,CU369,00:30:00,true,true
T34,CU551,00:30:00,true,false
T35,CU822,00:30:00,true,false
T36,CU647,00:30:00,true,false
T37,CU298,00:30:00,true,false
T38,CU190,00:30:00,true,false
T39,CU959,00:30:00,true,false
T40,CU492,00:30:00,true,false
T41,CU776,00:30:00,true,true
T42,CU585,00:30:00,true,false
T43,CU166,00:30:00,true,false
T44,CU520,00:30:00,true,false
T45,CU367,00:30:00,true,true
T46,CU553,00:30:00,true,false
T47,CU625,00:30:00,true,false
T48,CU823,00:30:00,true,false
T49,CU804,00:30:00,true,true
T50,CU718,00:30:00,true,true
T51,CU319,00:30:00,true,true
T52,CU996,00:30:00,true,false
T53,CU777,00:30:00,true,true
T54,CU1001,00:30:00,true,false
T55,CU926,00:30:00,true,true
T56,CU657,00:30:00,false,false
T57,CU431,00:30:00,true,true
T58,CU815,00:30:00,true,false
T59,CU776,00:30:00,false,true
T60,CU451,00:30:00,true,true
T61,CU460,00:30:00,true,false
T62,CU602,00:30:00,true,true
T63,CU391,00:30:00,true,false
T64,CU207,00:30:00,true,false
T65,CU425,00:30:00,true,false
T66,CU836,00:30:00,true,true
T67,CU109,00:30:00,true,true
T68,CU361,00:30:00,true,false
T69,CU872,00:30:00,true,true
T70,CU600,00:30:00,true,false
T71,CU211,00:30:00,true,false
T72,CU710,00:30:00,true,true
T73,CU833,00:30:00,true,true
T74,CU983,00:30:00,true,false
T75,CU524,00:30:00,true,false
T76,CU665,00:30:00,true,true
T77,CU421,00:30:00,true,false
T78,CU844,00:30:00,true,false
T79,CU513,00:30:00,true,false
T80,CU526,00:30:00,true,true
T81,CU407,00:30:00,true,false
T82,CU430,00:30:00,false,false
T83,CU810,00:30:00,true,true
T84,CU544,00:30:00,true,true
T85,CU499,00:30:00,true,false
T86,CU624,00:30:00,true,true
T87,CU523,00:30:00,false,true
T88,CU963,00:30:00,true,true
T89,CU990,00:30:00,true,true
T90,CU911,00:30:00,true,false
T91,CU144,00:30:00,true,true
T92,CU827,00:30:00,true,true
T93,CU572,00:30:00,true,false
T94,CU934,00:30:00,true,true
T95,CU477,00:30:00,true,false
T96,CU269,00:30:00,true,true
T97,CU547,00:30:00,false,true
T98,CU226,00:30:00,false,true
T99,CU122,00:30:00,true,false
T100,CU581,00:30:00,true,true
T101,CU914,00:30:00,true,false
T102,CU906,00:30:00,true,true
T103,CU779,00:30:00,true,false
T104,CU693,00:30:00,true,false
T105,CU830,00:30:00,true,true
T106,CU292,00:30:00,true,true
T107,CU579,00:30:00,true,true
T108,CU430,00:30:00,true,false
T109,CU727,00:30:00,true,true
T110,CU360,00:30:00,false,true
T111,CU773,00:30:00,true,false
T112,CU627,00:30:00,true,true
T113,CU789,00:30:00,true,false
T114,CU880,00:30:00,true,true
T115,CU983,00:30:00,true,false
T116,CU899,00:30:00,true,true
T117,CU260,00:30:00,true,true
T118,CU245,00:30:00,true,false
T119,CU264,00:30:00,true,false
T120,CU133,00:30:00,true,false
T121,CU237,00:30:00,false,true
T122,CU174,00:30:00,true,false
T123,CU556,00:30:00,true,false
T124,CU777,00:30:00,true,false
T125,CU351,00:30:00,true,false
T126,CU604,00:30:00,true,false
T127,CU665,00:30:00,true,true
T128,CU688,00:30:00,true,true
T129,CU627,00:30:00,true,true
T130,CU746,00:30:00,true,true
T131,CU302,00:30:00,true,true
T132,CU478,00:30:00,true,true
T133,CU592,00:30:00,true,true
T134,CU339,00:30:00,true,true
T135,CU689,00:30:00,true,true
T136,CU325,00:30:00,true,false
T137,CU990,00:30:00,false,false
T138,CU587,00:30:00,true,true
T139,CU611,00:30:00,true,false
T140,CU974,00:30:00,true,false
T141,CU455,00:30:00,true,false
T142,CU729,00:30:00,true,false
T143,CU733,00:30:00,true,false
T144,CU662,00:30:00,true,false
T145,CU522,00:30:00,false,false
T146,CU540,00:30:00,true,false
T147,CU128,00:30:00,true,false
T148,CU522,00:30:00,true,false
T149,CU150,00:30:00,true,true
T150,CU944,00:30:00,true,false
T151,CU136,00:30:00,true,false
T152,CU270,00:30:00,true,false
T153,CU823,00:30:00,true,true
T154,CU518,00:30:00,true,true
T155,CU146,00:30:00,true,true
T156,CU164,00:30:00,true,true
T157,CU321,00:30:00,true,false
T158,CU752,00:30:00,true,true
T159,CU471,00:30:00,true,false
T160,CU146,00:30:00,true,true
T161,CU657,00:30:00,false,true
T162,CU826,00:30:00,true,true
T163,CU167,00:30:00,true,true
T164,CU805,00:30:00,true,true
T165,CU91,00:30:00,true,true
T166,CU828,00:30:00,true,true
T167,CU65,00:30:00,true,false
T168,CU690,00:30:00,true,false
T169,CU166,00:30:00,true,false
T170,CU931,00:30:00,true,true
T171,CU880,00:30:00,true,true
T172,CU108,00:30:00,true,true
T173,CU422,00:30:00,true,false
T174,CU605,00:30:00,true,true
T175,CU226,00:30:00,true,true
T176,CU8,00:30:00,true,false
T177,CU964,00:30:00,true,true
T178,CU387,00:30:00,true,true
T179,CU415,00:30:00,true,false
T180,CU968,00:30:00,true,false
T181,CU602,00:30:00,true,false
T182,CU434,00:30:00,true,true
T183,CU764,00:30:00,true,false
T184,CU844,00:30:00,true,false
T185,CU611,00:30:00,true,false
T186,CU418,00:30:00,false,true
T187,CU121,00:30:00,true,false
T188,CU794,00:30:00,true,true
T189,CU38,00:30:00,true,true
T190,CU605,00:30:00,true,true
T191,CU188,00:30:00,true,true
T192,CU559,00:30:00,true,false
T193,CU98,00:30:00,true,true
T194,CU793,00:30:00,true,true
T195,CU120,00:30:00,true,false
T196,CU814,00:30:00,true,true
T197,CU289,00:30:00,true,false
T198,CU38,00:30:00,true,true
T199,CU291,00:30:00,true,false
T200,CU78,00:30:00,true,false
T201,CU785,00:30:00,true,true
T202,CU916,00:30:00,true,false
T203,CU322,00:30:00,true,false
T204,CU502,00:30:00,true,false
T205,CU899,00:30:00,true,true
T206,CU774,00:30:00,true,false
T207,CU816,00:30:00,true,false
T208,CU401,00:30:00,true,true
T209,CU436,00:30:00,true,false
T210,CU560,00:30:00,true,true
T211,CU35,00:30:00,true,false
T212,CU109,00:30:00,true,true
T213,CU109,00:30:00,true,true
T214,CU99,00:30:00,true,true
T215,CU476,00:30:00,true,false
T216,CU963,00:30:00,true,false
T217,CU507,00:30:00,true,false
T218,CU882,00:30:00,true,true
T219,CU764,00:30:00,true,false
T220,CU456,00:30:00,true,false
T221,CU211,00:30:00,true,true
T222,CU244,00:30:00,true,true
T223,CU577,00:30:00,true,true
T224,CU540,00:30:00,true,false
T225,CU554,00:30:00,true,true
T226,CU961,00:30:00,true,false
T227,CU696,00:30:00,true,false
T228,CU872,00:30:00,true,true
T229,CU167,00:30:00,true,true
T230,CU387,00:30:00,true,true
T231,CU913,00:30:00,true,true
T232,CU395,00:30:00,true,true
T233,CU255,00:30:00,true,false
T234,CU498,00:30:00,true,false
T235,CU634,00:30:00,true,true
T236,CU241,00:30:00,true,false
T237,CU994,00:30:00,true,false
T238,CU953,00:30:00,true,true
T239,CU482,00:30:00,true,true
T240,CU250,00:30:00,true,true
T241,CU58,00:30:00,true,false
T242,CU395,00:30:00,true,false
T243,CU538,00:30:00,true,false
T244,CU682,00:30:00,true,true
T245,CU506,00:30:00,false,false
T246,CU463,00:30:00,true,true
T247,CU656,00:30:00,true,false
T248,CU676,00:30:00,true,true
T249,CU831,00:30:00,true,false
T250,CU446,00:30:00,true,false
T251,CU453,00:30:00,true,false
T252,CU935,00:30:00,false,false
T253,CU574,00:30:00,true,false
T254,CU775,00:30:00,true,true
T255,CU442,00:30:00,true,false
T256,CU414,00:30:00,true,false
T257,CU852,00:30:00,true,false
T258,CU80,00:30:00,true,true
T259,CU798,00:30:00,true,false
T260,CU606,00:30:00,true,true
T261,CU109,00:30:00,true,false
T262,CU935,00:30:00,true,true
T263,CU863,00:30:00,true,true
T264,CU585,00:30:00,true,true
T265,CU780,00:30:00,true,false
T266,CU517,00:30:00,true,false
T267,CU725,00:30:00,true,true
T268,CU511,00:30:00,true,false
T269,CU557,00:30:00,true,true
T270,CU357,00:30:00,true,false
T271,CU484,00:30:00,true,true
T272,CU479,00:30:00,true,false
T273,CU110,00:30:00,true,true
T274,CU923,00:30:00,true,false
T275,CU110,00:30:00,true,true
T276,CU311,00:30:00,true,true
T277,CU261,00:30:00,true,true
T278,CU929,00:30:00,true,false
T279,CU917,00:30:00,true,false
T280,CU907,00:30:00,true,true
T281,CU445,00:30:00,true,true
T282,CU202,00:30:00,true,true
T283,CU207,00:30:00,true,false
T284,CU93,00:30:00,true,true
T285,CU711,00:30:00,true,true
T286,CU817,00:30:00,true,false
T287,CU688,00:30:00,true,true
T288,CU656,00:30:00,true,false
T289,CU942,00:30:00,true,false
T290,CU764,00:30:00,true,true
T291,CU54,00:30:00,true,false
T292,CU378,00:30:00,true,false
T293,CU136,00:30:00,true,true
T294,CU596,00:30:00,true,false
T295,CU699,00:30:00,true,true
T296,CU417,00:30:00,true,false
T297,CU668,00:30:00,true,true
T298,CU747,00:30:00,false,true
T299,CU367,00:30:00,true,false
T300,CU3,00:30:00,true,true
T301,CU559,00:30:00,true,true
T302,CU917,00:30:00,true,true
T303,CU365,00:30:00,true,true
T304,CU876,00:30:00,true,true
T305,CU510,00:30:00,true,false
T306,CU241,00:30:00,false,true
T307,CU221,00:30:00,true,true
T308,CU826,00:30:00,true,false
T309,CU440,00:30:00,true,true
T310,CU973,00:30:00,true,true
T311,CU395,00:30:00,true,true
T312,CU446,00:30:00,true,true
T313,CU30,00:30:00,true,true
T314,CU517,00:30:00,true,false
T315,CU484,00:30:00,true,false
T316,CU92,00:30:00,true,false
T317,CU269,00:30:00,true,false
T318,CU538,00:30:00,true,false
T319,CU983,00:30:00,true,false
T320,CU186,00:30:00,true,true
T321,CU803,00:30:00,true,false
T322,CU804,00:30:00,true,false
T323,CU303,00:30:00,true,true
T324,CU127,00:30:00,true,true
T325,CU90,00:30:00,true,true
T326,CU171,00:30:00,true,true
T327,CU966,00:30:00,true,false
T328,CU361,00:30:00,true,true
T329,CU262,00:30:00,true,false
T330,CU659,00:30:00,true,false
T331,CU792,00:30:00,true,true
T332,CU572,00:30:00,true,false
T333,CU860,00:30:00,true,true
T334,CU290,00:30:00,false,true
T335,CU242,00:30:00,true,false
T336,CU713,00:30:00,true,false
T337,CU120,00:30:00,true,true
T338,CU255,00:30:00,true,false
T339,CU587,00:30:00,true,true
T340,CU539,00:30:00,true,true
T341,CU520,00:30:00,true,false
T342,CU588,00:30:00,true,true
T343,CU889,00:30:00,true,false
T344,CU696,00:30:00,true,true
T345,CU318,00:30:00,true,false
T346,CU303,00:30:00,true,false
T347,CU634,00:30:00,true,false
T348,CU40,00:30:00,true,true
T349,CU988,00:30:00,true,false
T350,CU766,00:30:00,true,false
T351,CU989,00:30:00,true,true
T352,CU823,00:30:00,true,true
T353,CU78,00:30:00,true,true
T354,CU511,00:30:00,true,true
T355,CU555,00:30:00,true,true
T356,CU749,00:30:00,true,false
T357,CU670,00:30:00,true,true
T358,CU517,00:30:00,true,true
T359,CU70,00:30:00,true,true
T360,CU962,00:30:00,true,false
T361,CU16,00:30:00,true,false
T362,CU776,00:30:00,true,true
T363,CU853,00:30:00,true,false
T364,CU735,00:30:00,false,false
T365,CU729,00:30:00,true,true
T366,CU475,00:30:00,true,true
T367,CU990,00:30:00,true,false
T368,CU47,00:30:00,true,false
T369,CU450,00:30:00,true,false
T370,CU411,00:30:00,true,false
T371,CU926,00:30:00,true,true
T372,CU707,00:30:00,true,true
T373,CU1005,00:30:00,true,true
T374,CU843,00:30:00,true,false
T375,CU573,00:30:00,true,false
T376,CU626,00:30:00,true,true
T377,CU30,00:30:00,true,false
T378,CU944,00:30:00,true,true
T379,CU23,00:30:00,true,true
T380,CU749,00:30:00,true,false
T381,CU748,00:30:00,true,false
T382,CU373,00:30:00,true,true
T383,CU194,00:30:00,true,true
T384,CU883,00:30:00,true,true
T385,CU427,00:30:00,true,false
T386,CU182,00:30:00,true,true
T387,CU742,00:30:00,false,false
T388,CU113,00:30:00,false,false
T389,CU76,00:30:00,true,true
T390,CU955,00:30:00,true,true
T391,CU884,00:30:00,false,false
T392,CU845,00:30:00,true,false
T393,CU346,00:30:00,true,false
T394,CU124,00:30:00,true,true
T395,CU512,00:30:00,true,false
T396,CU207,00:30:00,true,true
T397,CU849,00:30:00,true,false
T398,CU809,00:30:00,true,false
T399,CU322,00:30:00,true,false
T400,CU234,00:30:00,true,true
T401,CU747,00:30:00,true,false
T402,CU654,00:30:00,true,true
T403,CU168,00:30:00,true,false
T404,CU936,00:30:00,true,true
T405,CU879,00:30:00,true,true
T406,CU93,00:30:00,true,true
T407,CU996,00:30:00,true,false
T408,CU869,00:30:00,true,true
T409,CU987,00:30:00,true,true
T410,CU716,00:30:00,true,false
T411,CU737,00:30:00,true,true
T412,CU100,00:30:00,true,false
T413,CU652,00:30:00,true,false
T414,CU969,00:30:00,true,true
T415,CU769,00:30:00,true,true
T416,CU660,00:30:00,true,true
T417,CU834,00:30:00,true,true
T418,CU187,00:30:00,true,true
T419,CU294,00:30:00,true,true
T420,CU850,00:30:00,false,false
T421,CU200,00:30:00,true,false
T422,CU741,00:30:00,true,true
T423,CU177,00:30:00,false,false
T424,CU385,00:30:00,true,false
T425,CU260,00:30:00,true,false
T426,CU691,00:30:00,true,false
T427,CU99,00:30:00,true,false
T428,CU28,00:30:00,true,true
T429,CU695,00:30:00,true,false
T430,CU164,00:30:00,true,false
T431,CU768,00:30:00,true,true
T432,CU186,00:30:00,true,false
T433,CU351,00:30:00,true,false
T434,CU473,00:30:00,true,true
T435,CU976,00:30:00,true,true
T436,CU750,00:30:00,true,true
T437,CU441,00:30:00,true,true
T438,CU670,00:30:00,true,true
T439,CU3,00:30:00,true,false
T440,CU83,00:30:00,true,true
T441,CU38,00:30:00,false,true
T442,CU901,00:30:00,true,false
T443,CU425,00:30:00,true,false
T444,CU86,00:30:00,true,false
T445,CU625,00:30:00,true,true
T446,CU329,00:30:00,false,false
T447,CU747,00:30:00,true,true
T448,CU316,00:30:00,true,true
T449,CU760,00:30:00,true,true
T450,CU513,00:30:00,true,false
T451,CU513,00:30:00,true,true
T452,CU206,00:30:00,true,true
T453,CU813,00:30:00,true,false
T454,CU55,00:30:00,true,true
T455,CU517,00:30:00,true,false
T456,CU406,00:30:00,true,true
T457,CU642,00:30:00,true,false
T458,CU672,00:30:00,true,false
T459,CU835,00:30:00,true,true
T460,CU65,00:30:00,true,true
T461,CU538,00:30:00,true,true
T462,CU644,00:30:00,true,false
T463,CU813,00:30:00,true,true
T464,CU578,00:30:00,true,true
T465,CU866,00:30:00,true,false
T466,CU179,00:30:00,true,false
T467,CU329,00:30:00,true,false
T468,CU381,00:30:00,true,true
T469,CU241,00:30:00,true,true
T470,CU671,00:30:00,true,false
T471,CU12,00:30:00,true,true
T472,CU524,00:30:00,true,true
T473,CU253,00:30:00,true,false
T474,CU166,00:30:00,true,false
T475,CU44,00:30:00,true,true
T476,CU672,00:30:00,true,true
T477,CU483,00:30:00,true,true
T478,CU750,00:30:00,true,false
T479,CU847,00:30:00,true,true
T480,CU194,00:30:00,true,false
T481,CU429,00:30:00,true,true
T482,CU983,00:30:00,false,false
T483,CU1,00:30:00,false,false
T484,CU327,00:30:00,true,false
T485,CU534,00:30:00,true,false
T486,CU879,00:30:00,true,false
T487,CU377,00:30:00,true,true
T488,CU936,00:30:00,true,true
T489,CU24,00:30:00,true,true
T490,CU644,00:30:00,false,true
T491,CU941,00:30:00,false,true
T492,CU300,00:30:00,true,true
T493,CU831,00:30:00,true,false
T494,CU242,00:30:00,true,false
T495,CU128,00:30:00,true,true
T496,CU284,00:30:00,true,true
T497,CU608,00:30:00,true,true
T498,CU685,00:30:00,true,true
T499,CU400,00:30:00,true,false
T500,CU6,00:30:00,true,true
T501,CU85,00:30:00,true,true
T502,CU859,00:30:00,true,true
T503,CU483,00:30:00,true,false
T504,CU932,00:30:00,true,false
T505,CU535,00:30:00,false,false
T506,CU426,00:30:00,true,true
T507,CU684,00:30:00,true,true
T508,CU425,00:30:00,true,true
T509,CU537,00:30:00,true,false
T510,CU432,00:30:00,true,true
T511,CU927,00:30:00,true,false
T512,CU759,00:30:00,true,true
T513,CU803,00:30:00,true,false
T514,CU102,00:30:00,true,false
T515,CU622,00:30:00,true,false
T516,CU991,00:30:00,true,false
T517,CU76,00:30:00,true,false
T518,CU204,00:30:00,true,false
T519,CU100,00:30:00,true,true
T520,CU90,00:30:00,true,false
T521,CU18,00:30:00,true,false
T522,CU113,00:30:00,true,false
T523,CU460,00:30:00,true,false
T524,CU432,00:30:00,true,true
T525,CU297,00:30:00,true,true
T526,CU683,00:30:00,true,true
T527,CU315,00:30:00,true,true
T528,CU91,00:30:00,true,true
T529,CU800,00:30:00,true,false
T530,CU520,00:30:00,true,true
T531,CU162,00:30:00,true,true
T532,CU990,00:30:00,true,false
T533,CU402,00:30:00,true,false
T534,CU689,00:30:00,true,false
T535,CU112,00:30:00,true,false
T536,CU80,00:30:00,true,true
T537,CU551,00:30:00,true,true
T538,CU825,00:30:00,true,true
T539,CU152,00:30:00,true,true
T540,CU707,00:30:00,true,true
T541,CU407,00:30:00,true,false
T542,CU522,00:30:00,true,true
T543,CU997,00:30:00,true,true
T544,CU333,00:30:00,true,true
T545,CU813,00:30:00,true,true
T546,CU99,00:30:00,true,true
T547,CU979,00:30:00,true,false
T548,CU94,00:30:00,true,false
T549,CU257,00:30:00,true,false
T550,CU117,00:30:00,true,true
T551,CU820,00:30:00,true,false
T552,CU390,00:30:00,true,true
T553,CU94,00:30:00,true,false
T554,CU910,00:30:00,true,true
T555,CU724,00:30:00,true,true
T556,CU581,00:30:00,true,false
T557,CU529,00:30:00,true,true
T558,CU1003,00:30:00,true,false
T559,CU528,00:30:00,true,true
T560,CU10,00:30:00,true,false
T561,CU666,00:30:00,true,false
T562,CU994,00:30:00,true,false
T563,CU662,00:30:00,true,true
T564,CU489,00:30:00,true,false
T565,CU427,00:30:00,true,false
T566,CU52,00:30:00,true,true
T567,CU373,00:30:00,true,false
T568,CU287,00:30:00,true,false
T569,CU783,00:30:00,true,true
T570,CU332,00:30:00,true,true
T571,CU253,00:30:00,true,false
T572,CU176,00:30:00,true,false
T573,CU512,00:30:00,true,true
T574,CU282,00:30:00,false,false
T575,CU499,00:30:00,true,true
T576,CU745,00:30:00,true,false
T577,CU714,00:30:00,true,true
T578,CU873,00:30:00,true,true
T579,CU54,00:30:00,true,true
T580,CU676,00:30:00,true,false
T581,CU274,00:30:00,true,false
T582,CU271,00:30:00,false,true
T583,CU621,00:30:00,false,true
T584,CU643,00:30:00,true,true
T585,CU909,00:30:00,true,false
T586,CU701,00:30:00,true,true
T587,CU499,00:30:00,true,false
T588,CU609,00:30:00,true,false
T589,CU360,00:30:00,true,false
T590,CU348,00:30:00,true,true
T591,CU35,00:30:00,true,true
T592,CU503,00:30:00,true,true
T593,CU269,00:30:00,false,false
T594,CU256,00:30:00,true,true
T595,CU323,00:30:00,true,false
T596,CU347,00:30:00,true,false
T597,CU61,00:30:00,true,false
T598,CU828,00:30:00,true,false
T599,CU208,00:30:00,true,true
T600,CU283,00:30:00,true,true
T601,CU638,00:30:00,true,false
T602,CU988,00:30:00,true,false
T603,CU177,00:30:00,true,false
T604,CU790,00:30:00,true,false
T605,CU573,00:30:00,true,false
T606,CU898,00:30:00,true,true
T607,CU335,00:30:00,true,true
T608,CU824,00:30:00,true,true
T609,CU860,00:30:00,true,true
T610,CU650,00:30:00,true,true
T611,CU608,00:30:00,true,true
T612,CU678,00:30:00,true,false
T613,CU108,00:30:00,true,true
T614,CU493,00:30:00,true,false
T615,CU276,00:30:00,true,true
T616,CU938,00:30:00,true,false
T617,CU367,00:30:00,true,false
T618,CU379,00:30:00,true,true
T619,CU353,00:30:00,true,false
T620,CU882,00:30:00,true,true
T621,CU194,00:30:00,false,false
T622,CU235,00:30:00,true,false
T623,CU109,00:30:00,true,true
T624,CU149,00:30:00,true,true
T625,CU682,00:30:00,true,false
T626,CU938,00:30:00,true,false
T627,CU535,00:30:00,true,true
T628,CU950,00:30:00,true,true
T629,CU501,00:30:00,true,true
T630,CU942,00:30:00,true,false
T631,CU983,00:30:00,true,true
T632,CU946,00:30:00,true,true
T633,CU616,00:30:00,false,true
T634,CU388,00:30:00,true,false
T635,CU144,00:30:00,true,false
T636,CU609,00:30:00,true,false
T637,CU692,00:30:00,true,false
T638,CU191,00:30:00,true,true
T639,CU414,00:30:00,true,true
T640,CU899,00:30:00,true,false
T641,CU276,00:30:00,true,false
T642,CU815,00:30:00,false,false
T643,CU296,00:30:00,true,false
T644,CU748,00:30:00,true,true
T645,CU753,00:30:00,true,true
T646,CU846,00:30:00,true,false
T647,CU550,00:30:00,true,true
T648,CU888,00:30:00,true,false
T649,CU573,00:30:00,true,true
T650,CU702,00:30:00,true,false
T651,CU741,00:30:00,true,true
T652,CU815,00:30:00,true,true
T653,CU274,00:30:00,true,true
T654,CU16,00:30:00,true,true
T655,CU111,00:30:00,true,true
T656,CU716,00:30:00,true,true
T657,CU569,00:30:00,true,false
T658,CU179,00:30:00,true,false
T659,CU322,00:30:00,true,true
T660,CU532,00:30:00,true,true
T661,CU879,00:30:00,true,false
T662,CU555,00:30:00,true,true
T663,CU356,00:30:00,true,false
T664,CU957,00:30:00,true,true
T665,CU170,00:30:00,true,true
T666,CU397,00:30:00,true,true
T667,CU956,00:30:00,true,false
T668,CU478,00:30:00,true,false
T669,CU707,00:30:00,false,true
T670,CU350,00:30:00,true,false
T671,CU521,00:30:00,true,true
T672,CU412,00:30:00,true,true
T673,CU886,00:30:00,true,true
T674,CU585,00:30:00,true,false
T675,CU55,00:30:00,true,false
T676,CU10,00:30:00,true,false
T677,CU152,00:30:00,true,false
T678,CU906,00:30:00,true,true
T679,CU890,00:30:00,true,true
T680,CU896,00:30:00,true,true
T681,CU58,00:30:00,true,true
T682,CU381,00:30:00,true,true
T683,CU723,00:30:00,true,true
T684,CU158,00:30:00,true,false
T685,CU659,00:30:00,true,true
T686,CU733,00:30:00,true,false
T687,CU882,00:30:00,true,true
T688,CU138,00:30:00,true,false
T689,CU92,00:30:00,true,false
T690,CU610,00:30:00,true,false
T691,CU156,00:30:00,true,false
T692,CU282,00:30:00,true,false
T693,CU309,00:30:00,true,false
T694,CU153,00:30:00,true,false
T695,CU973,00:30:00,true,true
T696,CU67,00:30:00,true,true
T697,CU20,00:30:00,true,true
T698,CU438,00:30:00,true,true
T699,CU372,00:30:00,true,false
T700,CU983,00:30:00,true,false
T701,CU308,00:30:00,true,true
T702,CU604,00:30:00,true,true
T703,CU709,00:30:00,true,true
T704,CU856,00:30:00,true,false
T705,CU261,00:30:00,true,false
T706,CU307,00:30:00,true,true
T707,CU260,00:30:00,true,false
T708,CU521,00:30:00,true,false
T709,CU581,00:30:00,true,true
T710,CU735,00:30:00,true,true
T711,CU437,00:30:00,true,true
T712,CU931,00:30:00,true,true
T713,CU49,00:30:00,true,true
T714,CU945,00:30:00,true,false
T715,CU26,00:30:00,true,false
T716,CU774,00:30:00,true,true
T717,CU921,00:30:00,true,true
T718,CU905,00:30:00,true,false
T719,CU256,00:30:00,false,true
T720,CU678,00:30:00,true,true
T721,CU946,00:30:00,true,true
T722,CU144,00:30:00,true,false
T723,CU862,00:30:00,true,false
T724,CU188,00:30:00,true,false
T725,CU154,00:30:00,true,true
T726,CU140,00:30:00,true,false
T727,CU92,00:30:00,true,true
T728,CU88,00:30:00,true,false
T729,CU440,00:30:00,true,false
T730,CU762,00:30:00,true,true
T731,CU745,00:30:00,true,false
T732,CU940,00:30:00,true,false
T733,CU113,00:30:00,true,true
T734,CU356,00:30:00,true,false
T735,CU902,00:30:00,true,false
T736,CU878,00:30:00,true,false
T737,CU599,00:30:00,true,true
T738,CU267,00:30:00,true,false
T739,CU71,00:30:00,true,true
T740,CU63,00:30:00,true,true
T741,CU189,00:30:00,true,true
T742,CU993,00:30:00,true,true
T743,CU431,00:30:00,true,true
T744,CU420,00:30:00,true,true
T745,CU136,00:30:00,true,true
T746,CU121,00:30:00,true,false
T747,CU171,00:30:00,true,true
T748,CU289,00:30:00,true,true
T749,CU219,00:30:00,true,true
T750,CU207,00:30:00,true,false
T751,CU496,00:30:00,true,true
T752,CU461,00:30:00,true,false
T753,CU246,00:30:00,true,true
T754,CU409,00:30:00,true,false
T755,CU661,00:30:00,true,false
T756,CU365,00:30:00,true,false
T757,CU552,00:30:00,true,false
T758,CU427,00:30:00,true,false
T759,CU574,00:30:00,true,true
T760,CU863,00:30:00,false,false
T761,CU483,00:30:00,true,true
T762,CU84,00:30:00,true,true
T763,CU949,00:30:00,true,false
T764,CU805,00:30:00,true,false
T765,CU284,00:30:00,true,true
T766,CU984,00:30:00,true,true
T767,CU820,00:30:00,false,true
T768,CU992,00:30:00,true,false
T769,CU263,00:30:00,true,false
T770,CU556,00:30:00,true,true
T771,CU252,00:30:00,true,true
T772,CU648,00:30:00,true,false
T773,CU96,00:30:00,true,true
T774,CU558,00:30:00,true,false
T775,CU325,00:30:00,true,true
T776,CU601,00:30:00,true,false
T777,CU805,00:30:00,true,true
T778,CU431,00:30:00,true,false
T779,CU793,00:30:00,true,false
T780,CU468,00:30:00,true,true
T781,CU869,00:30:00,true,false
T782,CU332,00:30:00,true,false
T783,CU894,00:30:00,true,true
T784,CU380,00:30:00,true,false
T785,CU182,00:30:00,true,false
T786,CU765,00:30:00,true,true
T787,CU631,00:30:00,true,true
T788,CU176,00:30:00,true,true
T789,CU883,00:30:00,true,false
T790,CU355,00:30:00,true,true
T791,CU106,00:30:00,true,false
T792,CU461,00:30:00,true,false
T793,CU325,00:30:00,true,true
T794,CU737,00:30:00,true,false
T795,CU951,00:30:00,true,true
T796,CU921,00:30:00,true,true
T797,CU818,00:30:00,true,true
T798,CU303,00:30:00,true,true
T799,CU878,00:30:00,false,false
T800,CU758,00:30:00,true,false
T801,CU182,00:30:00,true,true
T802,CU623,00:30:00,true,true
T803,CU103,00:30:00,true,false
T804,CU204,00:30:00,true,false
T805,CU34,00:30:00,true,false
T806,CU330,00:30:00,true,true
T807,CU191,00:30:00,true,false
T808,CU937,00:30:00,true,false
T809,CU62,00:30:00,true,false
T810,CU463,00:30:00,true,false
T811,CU74,00:30:00,true,true
T812,CU59,00:30:00,true,false
T813,CU606,00:30:00,true,false
T814,CU454,00:30:00,true,true
T815,CU889,00:30:00,true,false
T816,CU927,00:30:00,true,false
T817,CU336,00:30:00,true,false
T818,CU676,00:30:00,true,true
T819,CU852,00:30:00,true,true
T820,CU474,00:30:00,true,true
T821,CU498,00:30:00,true,false
T822,CU304,00:30:00,true,false
T823,CU948,00:30:00,true,false
T824,CU273,00:30:00,true,true
T825,CU988,00:30:00,true,true
T826,CU500,00:30:00,true,false
T827,CU541,00:30:00,true,false
T828,CU594,00:30:00,true,false
T829,CU388,00:30:00,true,true
T830,CU882,00:30:00,true,false
T831,CU197,00:30:00,false,true
T832,CU1001,00:30:00,true,false
T833,CU949,00:30:00,true,true
T834,CU91,00:30:00,false,false
T835,CU264,00:30:00,true,false
T836,CU844,00:30:00,true,false
T837,CU16,00:30:00,true,true
T838,CU328,00:30:00,true,false
T839,CU30,00:30:00,true,false
T840,CU53,00:30:00,true,true
T841,CU542,00:30:00,true,false
T842,CU54,00:30:00,true,false
T843,CU352,00:30:00,true,false
T844,CU788,00:30:00,true,false
T845,CU404,00:30:00,true,false
T846,CU303,00:30:00,true,false
T847,CU261,00:30:00,true,true
T848,CU882,00:30:00,true,false
T849,CU923,00:30:00,true,false
T850,CU490,00:30:00,true,false
T851,CU557,00:30:00,true,true
T852,CU379,00:30:00,true,false
T853,CU306,00:30:00,true,false
T854,CU155,00:30:00,true,true
T855,CU489,00:30:00,true,true
T856,CU365,00:30:00,true,false
T857,CU598,00:30:00,true,true
T858,CU76,00:30:00,false,false
T859,CU291,00:30:00,true,false
T860,CU760,00:30:00,true,false
T861,CU459,00:30:00,true,false
T862,CU807,00:30:00,true,false
T863,CU706,00:30:00,true,false
T864,CU920,00:30:00,true,true
T865,CU186,00:30:00,true,true
T866,CU369,00:30:00,true,false
T867,CU905,00:30:00,true,true
T868,CU1003,00:30:00,true,false
T869,CU220,00:30:00,true,true
T870,CU48,00:30:00,true,true
T871,CU224,00:30:00,true,false
T872,CU80,00:30:00,true,false
T873,CU641,00:30:00,true,false
T874,CU892,00:30:00,true,true
T875,CU475,00:30:00,true,true
T876,CU227,00:30:00,true,false
T877,CU78,00:30:00,true,false
T878,CU520,00:30:00,true,true
T879,CU457,00:30:00,true,false
T880,CU526,00:30:00,true,true
T881,CU407,00:30:00,true,true
T882,CU286,00:30:00,true,false
T883,CU649,00:30:00,true,false
T884,CU745,00:30:00,true,true
T885,CU23,00:30:00,true,true
T886,CU253,00:30:00,true,false
T887,CU479,00:30:00,true,true
T888,CU288,00:30:00,true,false
T889,CU891,00:30:00,true,true
T890,CU424,00:30:00,true,true
T891,CU760,00:30:00,true,false
T892,CU376,00:30:00,true,true
T893,CU573,00:30:00,true,true
T894,CU761,00:30:00,true,false
T895,CU303,00:30:00,true,false
T896,CU781,00:30:00,true,true
T897,CU5,00:30:00,true,true
T898,CU247,00:30:00,true,true
T899,CU223,00:30:00,true,false
T900,CU472,00:30:00,true,false
T901,CU796,00:30:00,true,false
T902,CU703,00:30:00,true,false
T903,CU321,00:30:00,true,true
T904,CU928,00:30:00,true,true
T905,CU733,00:30:00,true,false
T906,CU921,00:30:00,true,true
T907,CU196,00:30:00,true,true
T908,CU645,00:30:00,true,false
T909,CU355,00:30:00,true,false
T910,CU749,00:30:00,true,false
T911,CU872,00:30:00,true,false
T912,CU871,00:30:00,true,true
T913,CU151,00:30:00,true,false
T914,CU205,00:30:00,true,true
T915,CU609,00:30:00,true,false
T916,CU792,00:30:00,true,true
T917,CU544,00:30:00,true,true
T918,CU697,00:30:00,true,false
T919,CU775,00:30:00,true,true
T920,CU898,00:30:00,true,true
T921,CU647,00:30:00,true,true
T922,CU880,00:30:00,true,false
T923,CU177,00:30:00,true,false
T924,CU385,00:30:00,true,true
T925,CU722,00:30:00,true,true
T926,CU828,00:30:00,true,false
T927,CU604,00:30:00,true,true
T928,CU491,00:30:00,true,false
T929,CU10,00:30:00,true,true
T930,CU571,00:30:00,true,false
T931,CU297,00:30:00,true,true
T932,CU64,00:30:00,true,false
T933,CU197,00:30:00,true,true
T934,CU249,00:30:00,true,true
T935,CU746,00:30:00,true,false
T936,CU477,00:30:00,true,false
T937,CU237,00:30:00,true,true
T938,CU1006,00:30:00,true,false
T939,CU538,00:30:00,true,true
T940,CU797,00:30:00,true,false
T941,CU479,00:30:00,true,false
T942,CU450,00:30:00,false,false
T943,CU59,00:30:00,true,false
T944,CU418,00:30:00,true,true
T945,CU168,00:30:00,true,true
T946,CU506,00:30:00,true,false
T947,CU286,00:30:00,true,true
T948,CU648,00:30:00,true,true
T949,CU366,00:30:00,true,false
T950,CU309,00:30:00,true,false
T951,CU118,00:30:00,true,true
T952,CU318,00:30:00,true,true
T953,CU10,00:30:00,true,true
T954,CU999,00:30:00,true,false
T955,CU243,00:30:00,true,false
T956,CU957,00:30:00,true,true
T957,CU988,00:30:00,true,true
T958,CU620,00:30:00,true,false
T959,CU555,00:30:00,true,false
T960,CU117,00:30:00,true,false
T961,CU272,00:30:00,true,true
T962,CU760,00:30:00,true,true
T963,CU715,00:30:00,true,true
T964,CU870,00:30:00,true,false
T965,CU42,00:30:00,true,true
T966,CU377,00:30:00,true,false
T967,CU567,00:30:00,true,false
T968,CU993,00:30:00,true,true
T969,CU803,00:30:00,true,false
T970,CU866,00:30:00,true,true
T971,CU230,00:30:00,true,true
T972,CU162,00:30:00,true,false
T973,CU423,00:30:00,true,false
T974,CU698,00:30:00,true,true
T975,CU836,00:30:00,true,false
T976,CU412,00:30:00,true,false
T977,CU952,00:30:00,false,false
T978,CU497,00:30:00,true,false
T979,CU560,00:30:00,true,false
T980,CU346,00:30:00,true,true
T981,CU746,00:30:00,true,true
T982,CU974,00:30:00,true,true
T983,CU80,00:30:00,true,true
T984,CU1004,00:30:00,true,true
T985,CU753,00:30:00,true,false
T986,CU24,00:30:00,true,true
T987,CU550,00:30:00,true,false
T988,CU768,00:30:00,true,false
T989,CU54,00:30:00,true,false
T990,CU629,00:30:00,true,true
T991,CU940,00:30:00,true,false
T992,CU392,00:30:00,true,false
T993,CU226,00:30:00,true,false
T994,CU227,00:30:00,true,true
T995,CU830,00:30:00,true,true
T996,CU274,00:30:00,true,true
T997,CU806,00:30:00,true,false
T998,CU463,00:30:00,true,true
T999,CU240,00:30:00,true,true
T1000,CU545,00:30:00,true,true
T1001,CU946,00:30:00,true,true
T1002,CU775,00:30:00,true,true
T1003,CU223,00:30:00,true,true
T1004,CU808,00:30:00,true,true
T1005,CU860,00:30:00,true,false
T1006,CU458,00:30:00,true,false
T1007,CU766,00:30:00,true,true
T1008,CU333,00:30:00,true,true
T1009,CU20,00:30:00,true,false
T1010,CU189,00:30:00,true,false
T1011,CU381,00:30:00,true,false
T1012,CU241,00:30:00,false,false
T1013,CU381,00:30:00,true,true
T1014,CU976,00:30:00,true,false
T1015,CU355,00:30:00,false,false
T1016,CU193,00:30:00,true,false
T1017,CU458,00:30:00,true,false
T1018,CU363,00:30:00,true,false
T1019,CU302,00:30:00,true,false
T1020,CU701,00:30:00,true,false
T1021,CU279,00:30:00,true,false
T1022,CU725,00:30:00,true,true
T1023,CU546,00:30:00,true,true
T1024,CU843,00:30:00,true,true
T1025,CU212,00:30:00,true,true
T1026,CU839,00:30:00,true,false
T1027,CU276,00:30:00,true,false
T1028,CU756,00:30:00,true,false
T1029,CU781,00:30:00,true,false
T1030,CU616,00:30:00,true,false
T1031,CU1002,00:30:00,true,false
T1032,CU435,00:30:00,true,false
T1033,CU959,00:30:00,true,true
T1034,CU376,00:30:00,true,false
T1035,CU284,00:30:00,true,false
T1036,CU210,00:30:00,true,false
T1037,CU434,00:30:00,true,true
T1038,CU67,00:30:00,true,true
T1039,CU709,00:30:00,true,true
T1040,CU658,00:30:00,true,true
T1041,CU206,00:30:00,true,true
T1042,CU170,00:30:00,true,false
T1043,CU697,00:30:00,true,false
T1044,CU320,00:30:00,true,true
T1045,CU516,00:30:00,true,true
T1046,CU351,00:30:00,true,false
T1047,CU556,00:30:00,true,true
T1048,CU659,00:30:00,true,false
T1049,CU926,00:30:00,true,false
T1050,CU73,00:30:00,true,false
T1051,CU741,00:30:00,true,true
T1052,CU394,00:30:00,true,false
T1053,CU814,00:30:00,true,false
T1054,CU27,00:30:00,true,true
T1055,CU439,00:30:00,true,false
T1056,CU101,00:30:00,true,false
T1057,CU552,00:30:00,true,true
T1058,CU351,00:30:00,true,false
T1059,CU746,00:30:00,true,false
T1060,CU779,00:30:00,true,false
T1061,CU130,00:30:00,true,true
T1062,CU87,00:30:00,true,false
T1063,CU60,00:30:00,true,false
T1064,CU970,00:30:00,true,false
T1065,CU708,00:30:00,true,false
T1066,CU449,00:30:00,false,true
T1067,CU842,00:30:00,true,false
T1068,CU585,00:30:00,true,true
T1069,CU207,00:30:00,true,true
T1070,CU776,00:30:00,true,false
T1071,CU304,00:30:00,true,false
T1072,CU866,00:30:00,true,false
T1073,CU509,00:30:00,true,true
T1074,CU692,00:30:00,true,false
T1075,CU514,00:30:00,true,false
T1076,CU795,00:30:00,true,true
T1077,CU414,00:30:00,true,true
T1078,CU893,00:30:00,true,false
T1079,CU38,00:30:00,true,true
T1080,CU764,00:30:00,true,true
T1081,CU589,00:30:00,true,false
T1082,CU25,00:30:00,true,true
T1083,CU156,00:30:00,true,false
T1084,CU306,00:30:00,true,false
T1085,CU420,00:30:00,true,true
T1086,CU783,00:30:00,true,true
T1087,CU642,00:30:00,true,false
T1088,CU422,00:30:00,true,false
T1089,CU702,00:30:00,true,true
T1090,CU580,00:30:00,true,true
T1091,CU909,00:30:00,true,true
T1092,CU889,00:30:00,true,true
T1093,CU607,00:30:00,true,false
T1094,CU18,00:30:00,false,true
T1095,CU532,00:30:00,true,false
T1096,CU597,00:30:00,true,false
T1097,CU475,00:30:00,true,true
T1098,CU674,00:30:00,true,false
T1099,CU322,00:30:00,true,true
T1100,CU573,00:30:00,true,false
T1101,CU437,00:30:00,false,false
T1102,CU62,00:30:00,false,false
T1103,CU315,00:30:00,true,true
T1104,CU747,00:30:00,true,true
T1105,CU98,00:30:00,true,false
T1106,CU434,00:30:00,true,true
T1107,CU614,00:30:00,true,true
T1108,CU260,00:30:00,true,false
T1109,CU242,00:30:00,true,true
T1110,CU157,00:30:00,true,true
T1111,CU243,00:30:00,true,true
T1112,CU819,00:30:00,true,false
T1113,CU513,00:30:00,true,false
T1114,CU1,00:30:00,true,false
T1115,CU411,00:30:00,true,false
T1116,CU695,00:30:00,true,true
T1117,CU640,00:30:00,true,false
T1118,CU216,00:30:00,true,true
T1119,CU575,00:30:00,true,false
T1120,CU955,00:30:00,true,true
T1121,CU961,00:30:00,true,false
T1122,CU366,00:30:00,true,false
T1123,CU608,00:30:00,true,true
T1124,CU440,00:30:00,true,true
T1125,CU194,00:30:00,true,true
T1126,CU907,00:30:00,true,false
T1127,CU81,00:30:00,true,true
T1128,CU439,00:30:00,true,true
T1129,CU178,00:30:00,true,false
T1130,CU547,00:30:00,true,true
T1131,CU513,00:30:00,true,false
T1132,CU816,00:30:00,true,true
T1133,CU158,00:30:00,false,false
T1134,CU557,00:30:00,true,false
T1135,CU191,00:30:00,true,false
T1136,CU323,00:30:00,true,false
T1137,CU134,00:30:00,true,false
T1138,CU351,00:30:00,true,false
T1139,CU322,00:30:00,true,false
T1140,CU723,00:30:00,true,false
T1141,CU122,00:30:00,true,false
T1142,CU830,00:30:00,true,true
T1143,CU481,00:30:00,true,false
T1144,CU936,00:30:00,false,false
T1145,CU622,00:30:00,true,false
T1146,CU114,00:30:00,true,true
T1147,CU916,00:30:00,true,true
T1148,CU479,00:30:00,true,true
T1149,CU882,00:30:00,true,true
T1150,CU47,00:30:00,true,false
T1151,CU68,00:30:00,true,false
T1152,CU552,00:30:00,true,true
T1153,CU849,00:30:00,true,true
T1154,CU878,00:30:00,true,false
T1155,CU71,00:30:00,true,true
T1156,CU184,00:30:00,true,true
T1157,CU209,00:30:00,true,true
T1158,CU318,00:30:00,true,true
T1159,CU542,00:30:00,true,false
T1160,CU793,00:30:00,true,true
T1161,CU143,00:30:00,true,false
T1162,CU719,00:30:00,true,false
T1163,CU947,00:30:00,true,false
T1164,CU267,00:30:00,true,false
T1165,CU802,00:30:00,true,false
T1166,CU126,00:30:00,true,true
T1167,CU174,00:30:00,true,true
T1168,CU198,00:30:00,true,true
T1169,CU536,00:30:00,true,true
T1170,CU967,00:30:00,true,true
T1171,CU107,00:30:00,true,false
T1172,CU302,00:30:00,true,true
T1173,CU460,00:30:00,true,true
T1174,CU479,00:30:00,true,true
T1175,CU410,00:30:00,true,true
T1176,CU759,00:30:00,true,true
T1177,CU40,00:30:00,true,false
T1178,CU510,00:30:00,true,false
T1179,CU893,00:30:00,true,true
T1180,CU564,00:30:00,true,true
T1181,CU464,00:30:00,true,true
T1182,CU38,00:30:00,true,false
T1183,CU263,00:30:00,true,true
T1184,CU130,00:30:00,false,true
T1185,CU760,00:30:00,true,true
T1186,CU72,00:30:00,true,true
T1187,CU622,00:30:00,true,true
T1188,CU930,00:30:00,true,false
T1189,CU512,00:30:00,true,true
T1190,CU869,00:30:00,true,false
T1191,CU536,00:30:00,true,true
T1192,CU807,00:30:00,false,true
T1193,CU521,00:30:00,true,false
T1194,CU1006,00:30:00,true,false
T1195,CU795,00:30:00,true,false
T1196,CU461,00:30:00,true,true
T1197,CU927,00:30:00,true,false
T1198,CU292,00:30:00,true,true
T1199,CU945,00:30:00,true,true
T1200,CU592,00:30:00,true,true
T1201,CU123,00:30:00,false,true
T1202,CU954,00:30:00,true,false
T1203,CU519,00:30:00,true,true
T1204,CU210,00:30:00,true,false
T1205,CU673,00:30:00,true,false
T1206,CU654,00:30:00,true,false
T1207,CU882,00:30:00,true,true
T1208,CU959,00:30:00,true,false
T1209,CU9,00:30:00,true,false
T1210,CU292,00:30:00,true,true
T1211,CU223,00:30:00,true,false
T1212,CU52,00:30:00,true,true
T1213,CU472,00:30:00,true,false
T1214,CU192,00:30:00,true,true
T1215,CU937,00:30:00,true,false
T1216,CU304,00:30:00,true,true
T1217,CU971,00:30:00,true,true
T1218,CU909,00:30:00,true,true
T1219,CU269,00:30:00,true,true
T1220,CU1001,00:30:00,true,false
T1221,CU879,00:30:00,true,false
T1222,CU418,00:30:00,true,false
T1223,CU261,00:30:00,true,false
T1224,CU43,00:30:00,true,false
T1225,CU113,00:30:00,true,false
T1226,CU121,00:30:00,true,false
T1227,CU493,00:30:00,true,false
T1228,CU874,00:30:00,true,true
T1229,CU227,00:30:00,true,false
T1230,CU75,00:30:00,true,true
T1231,CU979,00:30:00,true,false
T1232,CU221,00:30:00,true,true
T1233,CU139,00:30:00,true,true
T1234,CU743,00:30:00,true,true
T1235,CU943,00:30:00,true,true
T1236,CU125,00:30:00,true,true
T1237,CU829,00:30:00,true,false
T1238,CU403,00:30:00,true,false
T1239,CU238,00:30:00,true,false
T1240,CU277,00:30:00,true,true
T1241,CU716,00:30:00,false,true
T1242,CU125,00:30:00,true,false
T1243,CU945,00:30:00,true,false
T1244,CU854,00:30:00,true,false
T1245,CU512,00:30:00,true,false
T1246,CU963,00:30:00,true,false
T1247,CU13,00:30:00,true,true
T1248,CU766,00:30:00,true,false
T1249,CU296,00:30:00,true,true
T1250,CU176,00:30:00,true,true
T1251,CU757,00:30:00,true,true
T1252,CU39,00:30:00,true,false
T1253,CU95,00:30:00,true,false
T1254,CU138,00:30:00,true,true
T1255,CU749,00:30:00,true,false
T1256,CU801,00:30:00,true,true
T1257,CU687,00:30:00,true,true
T1258,CU196,00:30:00,true,false
T1259,CU109,00:30:00,true,true
T1260,CU457,00:30:00,true,false
T1261,CU733,00:30:00,true,true
T1262,CU647,00:30:00,true,false
T1263,CU562,00:30:00,true,false
T1264,CU267,00:30:00,true,false
T1265,CU705,00:30:00,true,false
T1266,CU541,00:30:00,true,false
T1267,CU703,00:30:00,true,true
T1268,CU348,00:30:00,true,false
T1269,CU388,00:30:00,true,true
T1270,CU66,00:30:00,true,true
T1271,CU605,00:30:00,true,false
T1272,CU133,00:30:00,true,true
T1273,CU202,00:30:00,true,false
T1274,CU749,00:30:00,true,false
T1275,CU915,00:30:00,true,true
T1276,CU337,00:30:00,true,false
T1277,CU648,00:30:00,true,true
T1278,CU459,00:30:00,true,true
T1279,CU509,00:30:00,true,false
T1280,CU824,00:30:00,true,false
T1281,CU804,00:30:00,true,true
T1282,CU867,00:30:00,true,false
T1283,CU750,00:30:00,true,false
T1284,CU176,00:30:00,false,false
T1285,CU842,00:30:00,false,false
T1286,CU1000,00:30:00,true,true
T1287,CU502,00:30:00,true,true
T1288,CU743,00:30:00,true,true
T1289,CU265,00:30:00,true,false
T1290,CU21,00:30:00,true,true
T1291,CU427,00:30:00,true,false
T1292,CU71,00:30:00,true,false
T1293,CU655,00:30:00,true,true
T1294,CU771,00:30:00,true,false
T1295,CU752,00:30:00,true,true
T1296,CU184,00:30:00,true,true
T1297,CU818,00:30:00,true,false
T1298,CU553,00:30:00,true,true
T1299,CU57,00:30:00,true,true
T1300,CU773,00:30:00,true,true
T1301,CU921,00:30:00,true,false
T1302,CU606,00:30:00,true,false
T1303,CU780,00:30:00,true,true
T1304,CU449,00:30:00,true,false
T1305,CU933,00:30:00,true,true
T1306,CU640,00:30:00,true,false
T1307,CU841,00:30:00,true,true
T1308,CU526,00:30:00,true,true
T1309,CU969,00:30:00,true,true
T1310,CU946,00:30:00,true,true
T1311,CU611,00:30:00,true,true
T1312,CU885,00:30:00,true,true
T1313,CU253,00:30:00,false,false
T1314,CU580,00:30:00,true,true
T1315,CU183,00:30:00,true,false
T1316,CU542,00:30:00,true,true
T1317,CU463,00:30:00,true,true
T1318,CU126,00:30:00,true,true
T1319,CU351,00:30:00,true,false
T1320,CU753,00:30:00,false,false
T1321,CU50,00:30:00,true,true
T1322,CU895,00:30:00,true,true
T1323,CU330,00:30:00,true,false
T1324,CU911,00:30:00,false,false
T1325,CU787,00:30:00,true,true
T1326,CU887,00:30:00,true,false
T1327,CU327,00:30:00,true,false
T1328,CU534,00:30:00,true,false
T1329,CU652,00:30:00,true,false
T1330,CU924,00:30:00,true,true
T1331,CU191,00:30:00,true,true
T1332,CU78,00:30:00,true,false
T1333,CU285,00:30:00,true,false
T1334,CU841,00:30:00,true,false
T1335,CU644,00:30:00,true,false
T1336,CU796,00:30:00,true,false
T1337,CU14,00:30:00,true,false
T1338,CU107,00:30:00,true,true
T1339,CU979,00:30:00,true,false
T1340,CU109,00:30:00,true,true
T1341,CU971,00:30:00,true,true
T1342,CU146,00:30:00,true,true
T1343,CU4,00:30:00,true,true
T1344,CU433,00:30:00,false,true
T1345,CU783,00:30:00,true,true
T1346,CU243,00:30:00,true,true
T1347,CU651,00:30:00,true,true
T1348,CU977,00:30:00,true,true
T1349,CU44,00:30:00,true,true
T1350,CU410,00:30:00,true,true
T1351,CU278,00:30:00,true,true
T1352,CU916,00:30:00,true,false
T1353,CU814,00:30:00,true,true
T1354,CU997,00:30:00,true,true
T1355,CU508,00:30:00,true,false
T1356,CU942,00:30:00,true,false
T1357,CU14,00:30:00,true,false
T1358,CU182,00:30:00,false,false
T1359,CU971,00:30:00,true,true
T1360,CU918,00:30:00,true,false
T1361,CU469,00:30:00,true,true
T1362,CU432,00:30:00,true,false
T1363,CU717,00:30:00,true,false
T1364,CU14,00:30:00,true,true
T1365,CU435,00:30:00,true,false
T1366,CU565,00:30:00,true,false
T1367,CU494,00:30:00,true,true
T1368,CU961,00:30:00,true,true
T1369,CU495,00:30:00,true,false
T1370,CU61,00:30:00,true,true
T1371,CU778,00:30:00,true,true
T1372,CU295,00:30:00,true,false
T1373,CU825,00:30:00,true,true
T1374,CU303,00:30:00,true,true
T1375,CU48,00:30:00,true,false
T1376,CU526,00:30:00,true,true
T1377,CU70,00:30:00,true,false
T1378,CU474,00:30:00,true,false
T1379,CU631,00:30:00,true,true
T1380,CU155,00:30:00,false,false
T1381,CU463,00:30:00,true,true
T1382,CU356,00:30:00,true,false
T1383,CU202,00:30:00,true,true
T1384,CU798,00:30:00,true,false
T1385,CU305,00:30:00,true,true
T1386,CU560,00:30:00,true,true
T1387,CU602,00:30:00,true,true
T1388,CU643,00:30:00,false,false
T1389,CU986,00:30:00,true,true
T1390,CU798,00:30:00,true,false
T1391,CU672,00:30:00,true,true
T1392,CU243,00:30:00,true,false
T1393,CU243,00:30:00,false,true
T1394,CU650,00:30:00,true,true
T1395,CU436,00:30:00,true,false
T1396,CU304,00:30:00,true,false
T1397,CU174,00:30:00,true,true
T1398,CU242,00:30:00,true,false
T1399,CU174,00:30:00,true,true
T1400,CU591,00:30:00,true,true
T1401,CU441,00:30:00,true,false
T1402,CU985,00:30:00,true,false
T1403,CU956,00:30:00,true,false
T1404,CU556,00:30:00,true,true
T1405,CU698,00:30:00,true,true
T1406,CU653,00:30:00,true,true
T1407,CU4,00:30:00,true,false
T1408,CU783,00:30:00,true,false
T1409,CU818,00:30:00,true,false
T1410,CU658,00:30:00,true,true
T1411,CU977,00:30:00,true,true
T1412,CU349,00:30:00,true,true
T1413,CU518,00:30:00,true,false
T1414,CU421,00:30:00,false,false
T1415,CU967,00:30:00,true,true
T1416,CU688,00:30:00,true,false
T1417,CU43,00:30:00,false,false
T1418,CU388,00:30:00,true,false
T1419,CU860,00:30:00,true,false
T1420,CU424,00:30:00,true,false
T1421,CU947,00:30:00,true,false
T1422,CU296,00:30:00,true,false
T1423,CU985,00:30:00,true,false
T1424,CU403,00:30:00,true,false
T1425,CU966,00:30:00,true,false
T1426,CU391,00:30:00,true,false
T1427,CU232,00:30:00,true,true
T1428,CU790,00:30:00,true,false
T1429,CU645,00:30:00,true,true
T1430,CU643,00:30:00,false,false
T1431,CU626,00:30:00,true,false
T1432,CU788,00:30:00,true,false
T1433,CU962,00:30:00,true,false
T1434,CU608,00:30:00,true,false
T1435,CU483,00:30:00,true,true
T1436,CU35,00:30:00,true,true
T1437,CU504,00:30:00,true,true
T1438,CU317,00:30:00,true,true
T1439,CU134,00:30:00,true,true
T1440,CU630,00:30:00,true,false
T1441,CU914,00:30:00,true,true
T1442,CU423,00:30:00,true,false
T1443,CU728,00:30:00,true,true
T1444,CU204,00:30:00,true,true
T1445,CU591,00:30:00,true,true
T1446,CU404,00:30:00,true,true
T1447,CU252,00:30:00,true,false
T1448,CU107,00:30:00,true,false
T1449,CU760,00:30:00,true,true
T1450,CU613,00:30:00,true,true
T1451,CU654,00:30:00,true,false
T1452,CU539,00:30:00,true,false
T1453,CU695,00:30:00,true,true
T1454,CU92,00:30:00,true,true
T1455,CU3,00:30:00,false,false
T1456,CU660,00:30:00,true,true
T1457,CU351,00:30:00,true,false
T1458,CU610,00:30:00,false,true
T1459,CU778,00:30:00,true,true
T1460,CU516,00:30:00,true,true
T1461,CU151,00:30:00,true,false
T1462,CU959,00:30:00,true,true
T1463,CU372,00:30:00,true,true
T1464,CU590,00:30:00,true,false
T1465,CU463,00:30:00,true,true
T1466,CU769,00:30:00,true,true
T1467,CU630,00:30:00,true,false
T1468,CU546,00:30:00,false,true
T1469,CU669,00:30:00,true,false
T1470,CU650,00:30:00,true,false
T1471,CU950,00:30:00,true,false
T1472,CU694,00:30:00,true,false
T1473,CU507,00:30:00,true,true
T1474,CU323,00:30:00,true,false
T1475,CU1006,00:30:00,true,true
T1476,CU939,00:30:00,true,true
T1477,CU740,00:30:00,true,false
T1478,CU949,00:30:00,true,false
T1479,CU715,00:30:00,true,false
T1480,CU402,00:30:00,true,true
T1481,CU547,00:30:00,true,true
T1482,CU1004,00:30:00,true,true
T1483,CU438,00:30:00,true,false
T1484,CU317,00:30:00,true,false
T1485,CU931,00:30:00,false,true
T1486,CU301,00:30:00,true,false
T1487,CU979,00:30:00,true,true
T1488,CU283,00:30:00,true,true
T1489,CU236,00:30:00,true,true
T1490,CU407,00:30:00,false,false
T1491,CU915,00:30:00,true,true
T1492,CU502,00:30:00,true,false
T1493,CU768,00:30:00,true,false
T1494,CU579,00:30:00,true,true
T1495,CU421,00:30:00,true,true
T1496,CU456,00:30:00,true,true
T1497,CU219,00:30:00,true,false
T1498,CU718,00:30:00,true,true
T1499,CU277,00:30:00,true,true
T1500,CU727,00:30:00,true,true
T1501,CU957,00:30:00,true,false
T1502,CU246,00:30:00,true,false
T1503,CU96,00:30:00,true,true
T1504,CU597,00:30:00,true,false
T1505,CU1005,00:30:00,false,false
T1506,CU81,00:30:00,true,false
T1507,CU749,00:30:00,true,true
T1508,CU549,00:30:00,true,true
T1509,CU242,00:30:00,false,true
T1510,CU657,00:30:00,true,false
T1511,CU859,00:30:00,true,true
T1512,CU564,00:30:00,true,false
T1513,CU487,00:30:00,true,true
T1514,CU438,00:30:00,true,false
T1515,CU266,00:30:00,true,false
T1516,CU730,00:30:00,true,false
T1517,CU768,00:30:00,true,true
T1518,CU46,00:30:00,true,true
T1519,CU583,00:30:00,false,true
T1520,CU391,00:30:00,true,true
T1521,CU813,00:30:00,true,true
T1522,CU366,00:30:00,true,false
T1523,CU705,00:30:00,true,false
T1524,CU370,00:30:00,false,true
T1525,CU697,00:30:00,true,false
T1526,CU797,00:30:00,false,true
T1527,CU491,00:30:00,true,false
T1528,CU279,00:30:00,true,false
T1529,CU442,00:30:00,true,false
T1530,CU605,00:30:00,true,false
T1531,CU626,00:30:00,true,false
T1532,CU806,00:30:00,true,true
T1533,CU865,00:30:00,true,false
T1534,CU699,00:30:00,true,true
T1535,CU492,00:30:00,true,true
T1536,CU207,00:30:00,true,false
T1537,CU591,00:30:00,true,true
T1538,CU665,00:30:00,true,true
T1539,CU755,00:30:00,true,false
T1540,CU666,00:30:00,false,false
T1541,CU382,00:30:00,true,true
T1542,CU700,00:30:00,true,false
T1543,CU72,00:30:00,true,false
T1544,CU344,00:30:00,false,true
T1545,CU901,00:30:00,true,true
T1546,CU61,00:30:00,true,true
T1547,CU2,00:30:00,true,true
T1548,CU499,00:30:00,true,false
T1549,CU84,00:30:00,true,false
T1550,CU352,00:30:00,true,false
T1551,CU783,00:30:00,true,false
T1552,CU784,00:30:00,true,true
T1553,CU70,00:30:00,true,true
T1554,CU755,00:30:00,true,false
T1555,CU400,00:30:00,true,true
T1556,CU344,00:30:00,true,true
T1557,CU383,00:30:00,true,false
T1558,CU610,00:30:00,true,true
T1559,CU409,00:30:00,true,true
T1560,CU851,00:30:00,true,true
T1561,CU213,00:30:00,true,true
T1562,CU301,00:30:00,true,false
T1563,CU674,00:30:00,true,false
T1564,CU445,00:30:00,true,true
T1565,CU763,00:30:00,true,false
T1566,CU751,00:30:00,true,true
T1567,CU79,00:30:00,true,true
T1568,CU335,00:30:00,true,true
T1569,CU843,00:30:00,true,false
T1570,CU61,00:30:00,true,false
T1571,CU808,00:30:00,true,true
T1572,CU938,00:30:00,true,true
T1573,CU514,00:30:00,true,false
T1574,CU163,00:30:00,true,false
T1575,CU453,00:30:00,true,false
T1576,CU806,00:30:00,true,true
T1577,CU219,00:30:00,true,false
T1578,CU869,00:30:00,true,true
T1579,CU93,00:30:00,true,true
T1580,CU239,00:30:00,true,true
T1581,CU769,00:30:00,true,true
T1582,CU874,00:30:00,true,true
T1583,CU899,00:30:00,true,true
T1584,CU409,00:30:00,true,false
T1585,CU513,00:30:00,false,true
T1586,CU982,00:30:00,true,true
T1587,CU479,00:30:00,true,false
T1588,CU973,00:30:00,true,false
T1589,CU154,00:30:00,true,false
T1590,CU239,00:30:00,true,false
T1591,CU664,00:30:00,true,true
T1592,CU585,00:30:00,true,true
T1593,CU581,00:30:00,false,false
T1594,CU833,00:30:00,true,true
T1595,CU56,00:30:00,true,true
T1596,CU150,00:30:00,false,false
T1597,CU208,00:30:00,true,false
T1598,CU719,00:30:00,true,false
T1599,CU840,00:30:00,true,false
T1600,CU262,00:30:00,true,false
T1601,CU306,00:30:00,true,false
T1602,CU885,00:30:00,true,false
T1603,CU122,00:30:00,true,false
T1604,CU348,00:30:00,true,false
T1605,CU886,00:30:00,true,false
T1606,CU223,00:30:00,true,true
T1607,CU60,00:30:00,true,true
T1608,CU634,00:30:00,true,false
T1609,CU861,00:30:00,true,true
T1610,CU877,00:30:00,true,true
T1611,CU155,00:30:00,true,false
T1612,CU257,00:30:00,true,true
T1613,CU201,00:30:00,true,true
T1614,CU855,00:30:00,true,true
T1615,CU457,00:30:00,true,true
T1616,CU582,00:30:00,true,false
T1617,CU617,00:30:00,true,false
T1618,CU678,00:30:00,true,true
T1619,CU542,00:30:00,true,true
T1620,CU517,00:30:00,true,true
T1621,CU104,00:30:00,true,true
T1622,CU458,00:30:00,false,false
T1623,CU811,00:30:00,true,false
T1624,CU198,00:30:00,true,true
T1625,CU8,00:30:00,true,false
T1626,CU732,00:30:00,true,true
T1627,CU1002,00:30:00,true,true
T1628,CU697,00:30:00,true,true
T1629,CU141,00:30:00,true,false
T1630,CU629,00:30:00,true,true
T1631,CU350,00:30:00,true,false
T1632,CU107,00:30:00,true,true
T1633,CU878,00:30:00,true,true
T1634,CU822,00:30:00,true,true
T1635,CU430,00:30:00,true,true
T1636,CU800,00:30:00,true,true
T1637,CU468,00:30:00,true,true
T1638,CU451,00:30:00,true,true
T1639,CU247,00:30:00,true,true
T1640,CU13,00:30:00,true,true
T1641,CU743,00:30:00,true,false
T1642,CU674,00:30:00,true,false
T1643,CU899,00:30:00,true,true
T1644,CU770,00:30:00,true,true
T1645,CU117,00:30:00,true,true
T1646,CU333,00:30:00,true,false
T1647,CU867,00:30:00,true,true
T1648,CU953,00:30:00,true,false
T1649,CU941,00:30:00,true,true
T1650,CU238,00:30:00,true,true
T1651,CU153,00:30:00,false,true
T1652,CU793,00:30:00,true,false
T1653,CU801,00:30:00,true,true
T1654,CU678,00:30:00,true,false
T1655,CU329,00:30:00,true,true
T1656,CU926,00:30:00,true,false
T1657,CU311,00:30:00,true,false
T1658,CU855,00:30:00,true,false
T1659,CU579,00:30:00,true,true
T1660,CU649,00:30:00,true,false
T1661,CU989,00:30:00,false,true
T1662,CU518,00:30:00,true,true
T1663,CU597,00:30:00,true,true
T1664,CU501,00:30:00,true,false
T1665,CU263,00:30:00,true,false
T1666,CU860,00:30:00,false,false
T1667,CU51,00:30:00,true,true
T1668,CU857,00:30:00,true,true
T1669,CU364,00:30:00,true,true
T1670,CU332,00:30:00,true,true
T1671,CU293,00:30:00,true,true
T1672,CU10,00:30:00,true,false
T1673,CU138,00:30:00,true,false
T1674,CU789,00:30:00,true,true
T1675,CU548,00:30:00,true,true
T1676,CU771,00:30:00,true,false
T1677,CU638,00:30:00,true,false
T1678,CU560,00:30:00,true,false
T1679,CU615,00:30:00,true,true
T1680,CU412,00:30:00,true,true
T1681,CU235,00:30:00,true,false
T1682,CU763,00:30:00,true,false
T1683,CU434,00:30:00,true,true
T1684,CU320,00:30:00,true,true
T1685,CU173,00:30:00,true,true
T1686,CU340,00:30:00,true,true
T1687,CU880,00:30:00,true,false
T1688,CU701,00:30:00,true,true
T1689,CU448,00:30:00,true,false
T1690,CU66,00:30:00,true,false
T1691,CU283,00:30:00,true,true
T1692,CU164,00:30:00,true,true
T1693,CU189,00:30:00,true,true
T1694,CU524,00:30:00,true,true
T1695,CU266,00:30:00,true,true
T1696,CU858,00:30:00,true,false
T1697,CU884,00:30:00,true,false
T1698,CU263,00:30:00,true,true
T1699,CU233,00:30:00,true,true
T1700,CU750,00:30:00,true,true
T1701,CU572,00:30:00,false,false
T1702,CU202,00:30:00,true,false
T1703,CU542,00:30:00,true,true
T1704,CU434,00:30:00,false,false
T1705,CU329,00:30:00,true,true
T1706,CU315,00:30:00,true,true
T1707,CU15,00:30:00,true,false
T1708,CU840,00:30:00,true,false
T1709,CU684,00:30:00,true,true
T1710,CU61,00:30:00,true,true
T1711,CU359,00:30:00,true,true
T1712,CU234,00:30:00,true,false
T1713,CU421,00:30:00,true,true
T1714,CU94,00:30:00,true,false
T1715,CU73,00:30:00,true,false
T1716,CU17,00:30:00,true,true
T1717,CU775,00:30:00,true,true
T1718,CU615,00:30:00,true,false
T1719,CU677,00:30:00,true,true
T1720,CU484,00:30:00,true,true
T1721,CU630,00:30:00,true,false
T1722,CU116,00:30:00,true,false
T1723,CU275,00:30:00,true,true
T1724,CU671,00:30:00,true,false
T1725,CU912,00:30:00,true,false
T1726,CU878,00:30:00,true,false
T1727,CU721,00:30:00,true,false
T1728,CU243,00:30:00,true,true
T1729,CU629,00:30:00,true,false
T1730,CU211,00:30:00,true,false
T1731,CU500,00:30:00,true,false
T1732,CU788,00:30:00,true,true
T1733,CU76,00:30:00,true,false
T1734,CU271,00:30:00,true,false
T1735,CU202,00:30:00,true,false
T1736,CU96,00:30:00,true,true
T1737,CU188,00:30:00,true,true
T1738,CU622,00:30:00,true,false
T1739,CU985,00:30:00,true,true
T1740,CU574,00:30:00,true,false
T1741,CU405,00:30:00,true,true
T1742,CU77,00:30:00,true,false
T1743,CU1002,00:30:00,true,false
T1744,CU105,00:30:00,true,true
T1745,CU216,00:30:00,true,true
T1746,CU402,00:30:00,true,false
T1747,CU31,00:30:00,true,true
T1748,CU910,00:30:00,true,true
T1749,CU618,00:30:00,true,false
T1750,CU144,00:30:00,true,false
T1751,CU624,00:30:00,true,false
T1752,CU77,00:30:00,true,true
T1753,CU150,00:30:00,true,false
T1754,CU842,00:30:00,true,false
T1755,CU278,00:30:00,true,false
T1756,CU721,00:30:00,true,true
T1757,CU335,00:30:00,true,false
T1758,CU311,00:30:00,true,true
T1759,CU581,00:30:00,true,false
T1760,CU478,00:30:00,true,true
T1761,CU519,00:30:00,true,true
T1762,CU408,00:30:00,true,false
T1763,CU218,00:30:00,true,true
T1764,CU684,00:30:00,true,false
T1765,CU721,00:30:00,true,false
T1766,CU380,00:30:00,true,true
T1767,CU674,00:30:00,true,false
T1768,CU594,00:30:00,true,true
T1769,CU217,00:30:00,true,false
T1770,CU827,00:30:00,true,false
T1771,CU125,00:30:00,true,true
T1772,CU509,00:30:00,true,false
T1773,CU201,00:30:00,true,false
T1774,CU922,00:30:00,true,false
T1775,CU833,00:30:00,true,true
T1776,CU379,00:30:00,true,true
T1777,CU1005,00:30:00,true,true
T1778,CU108,00:30:00,true,false
T1779,CU398,00:30:00,true,true
T1780,CU916,00:30:00,true,false
T1781,CU160,00:30:00,true,true
T1782,CU737,00:30:00,false,true
T1783,CU46,00:30:00,true,false
T1784,CU1004,00:30:00,true,false
T1785,CU711,00:30:00,true,false
T1786,CU161,00:30:00,true,true
T1787,CU438,00:30:00,true,true
T1788,CU109,00:30:00,true,false
T1789,CU1003,00:30:00,true,false
T1790,CU719,00:30:00,true,false
T1791,CU220,00:30:00,true,true
T1792,CU806,00:30:00,true,false
T1793,CU449,00:30:00,true,true
T1794,CU19,00:30:00,true,true
T1795,CU400,00:30:00,true,false
T1796,CU77,00:30:00,true,false
T1797,CU496,00:30:00,true,false
T1798,CU973,00:30:00,true,false
T1799,CU532,00:30:00,true,true
T1800,CU514,00:30:00,true,false
T1801,CU219,00:30:00,true,false
T1802,CU882,00:30:00,true,false
T1803,CU560,00:30:00,true,false
T1804,CU649,00:30:00,true,false
T1805,CU90,00:30:00,true,true
T1806,CU855,00:30:00,true,true
T1807,CU16,00:30:00,true,true
T1808,CU377,00:30:00,true,true
T1809,CU769,00:30:00,true,true
T1810,CU93,00:30:00,true,false
T1811,CU660,00:30:00,true,true
T1812,CU774,00:30:00,true,true
T1813,CU402,00:30:00,false,false
T1814,CU7,00:30:00,true,true
T1815,CU973,00:30:00,false,true
T1816,CU334,00:30:00,true,false
T1817,CU882,00:30:00,true,true
T1818,CU39,00:30:00,true,true
T1819,CU887,00:30:00,true,false
T1820,CU928,00:30:00,true,false
T1821,CU160,00:30:00,true,false
T1822,CU848,00:30:00,true,true
T1823,CU15,00:30:00,true,false
T1824,CU525,00:30:00,true,true
T1825,CU539,00:30:00,true,false
T1826,CU955,00:30:00,true,true
T1827,CU690,00:30:00,true,true
T1828,CU972,00:30:00,true,true
T1829,CU214,00:30:00,true,false
T1830,CU511,00:30:00,true,true
T1831,CU580,00:30:00,true,false
T1832,CU287,00:30:00,true,true
T1833,CU586,00:30:00,true,true
T1834,CU260,00:30:00,true,true
T1835,CU374,00:30:00,true,false
T1836,CU734,00:30:00,true,true
T1837,CU263,00:30:00,true,true
T1838,CU97,00:30:00,true,false
T1839,CU278,00:30:00,true,true
T1840,CU286,00:30:00,true,true
T1841,CU557,00:30:00,true,true
T1842,CU527,00:30:00,true,true
T1843,CU51,00:30:00,true,true
T1844,CU748,00:30:00,false,false
T1845,CU172,00:30:00,false,true
T1846,CU197,00:30:00,true,true
T1847,CU793,00:30:00,true,true
T1848,CU496,00:30:00,false,true
T1849,CU412,00:30:00,true,true
T1850,CU206,00:30:00,true,false
T1851,CU58,00:30:00,true,false
T1852,CU16,00:30:00,true,true
T1853,CU242,00:30:00,true,true
T1854,CU236,00:30:00,true,true
T1855,CU361,00:30:00,true,true
T1856,CU933,00:30:00,true,false
T1857,CU995,00:30:00,true,true
T1858,CU643,00:30:00,true,true
T1859,CU72,00:30:00,true,false
T1860,CU294,00:30:00,true,true
T1861,CU458,00:30:00,true,true
T1862,CU858,00:30:00,true,true
T1863,CU570,00:30:00,true,false
T1864,CU314,00:30:00,true,false
T1865,CU838,00:30:00,true,true
T1866,CU785,00:30:00,true,false
T1867,CU984,00:30:00,true,true
T1868,CU893,00:30:00,true,false
T1869,CU883,00:30:00,true,false
T1870,CU110,00:30:00,true,true
T1871,CU935,00:30:00,true,false
T1872,CU912,00:30:00,true,true
T1873,CU791,00:30:00,true,true
T1874,CU189,00:30:00,true,false
T1875,CU834,00:30:00,true,true
T1876,CU757,00:30:00,true,true
T1877,CU937,00:30:00,true,false
T1878,CU256,00:30:00,true,false
T1879,CU11,00:30:00,true,false
T1880,CU224,00:30:00,true,true
T1881,CU991,00:30:00,false,true
T1882,CU640,00:30:00,true,true
T1883,CU237,00:30:00,true,false
T1884,CU183,00:30:00,true,false
T1885,CU544,00:30:00,true,true
T1886,CU592,00:30:00,true,false
T1887,CU943,00:30:00,true,false
T1888,CU688,00:30:00,true,false
T1889,CU880,00:30:00,true,false
T1890,CU531,00:30:00,true,true
T1891,CU714,00:30:00,true,true
T1892,CU298,00:30:00,true,false
T1893,CU655,00:30:00,true,true
T1894,CU200,00:30:00,true,false
T1895,CU742,00:30:00,true,true
T1896,CU486,00:30:00,true,true
T1897,CU377,00:30:00,false,false
T1898,CU290,00:30:00,true,false
T1899,CU920,00:30:00,true,false
T1900,CU844,00:30:00,true,true
T1901,CU90,00:30:00,true,false
T1902,CU118,00:30:00,true,true
T1903,CU189,00:30:00,true,true
T1904,CU756,00:30:00,true,true
T1905,CU701,00:30:00,true,true
T1906,CU52,00:30:00,true,false
T1907,CU903,00:30:00,true,true
T1908,CU834,00:30:00,false,true
T1909,CU882,00:30:00,true,true
T1910,CU518,00:30:00,true,false
T1911,CU672,00:30:00,true,true
T1912,CU576,00:30:00,true,false
T1913,CU844,00:30:00,true,true
T1914,CU308,00:30:00,true,true
T1915,CU887,00:30:00,true,true
T1916,CU343,00:30:00,true,true
T1917,CU815,00:30:00,true,true
T1918,CU654,00:30:00,true,false
T1919,CU306,00:30:00,true,true
T1920,CU813,00:30:00,true,false
T1921,CU88,00:30:00,true,true
T1922,CU898,00:30:00,true,true
T1923,CU37,00:30:00,false,false
T1924,CU669,00:30:00,true,false
T1925,CU824,00:30:00,true,false
T1926,CU689,00:30:00,true,false
T1927,CU928,00:30:00,true,true
T1928,CU768,00:30:00,true,true
T1929,CU685,00:30:00,true,false
T1930,CU389,00:30:00,true,false
T1931,CU935,00:30:00,true,false
T1932,CU777,00:30:00,true,true
T1933,CU519,00:30:00,true,true
T1934,CU632,00:30:00,true,false
T1935,CU158,00:30:00,true,true
T1936,CU210,00:30:00,true,false
T1937,CU17,00:30:00,true,true
T1938,CU147,00:30:00,true,true
T1939,CU540,00:30:00,true,true
T1940,CU290,00:30:00,true,false
T1941,CU228,00:30:00,true,false
T1942,CU737,00:30:00,true,true
T1943,CU174,00:30:00,true,false
T1944,CU816,00:30:00,true,true
T1945,CU508,00:30:00,true,false
T1946,CU255,00:30:00,true,false
T1947,CU879,00:30:00,true,false
T1948,CU558,00:30:00,true,false
T1949,CU984,00:30:00,false,false
T1950,CU677,00:30:00,true,true
T1951,CU432,00:30:00,true,true
T1952,CU28,00:30:00,true,false
T1953,CU78,00:30:00,true,false
T1954,CU609,00:30:00,true,true
T1955,CU872,00:30:00,true,true
T1956,CU8,00:30:00,true,false
T1957,CU334,00:30:00,true,true
T1958,CU834,00:30:00,true,false
T1959,CU463,00:30:00,true,true
T1960,CU702,00:30:00,true,false
T1961,CU164,00:30:00,true,true
T1962,CU414,00:30:00,true,false
T1963,CU752,00:30:00,true,false
T1964,CU941,00:30:00,true,true
T1965,CU349,00:30:00,true,true
T1966,CU418,00:30:00,true,false
T1967,CU570,00:30:00,true,false
T1968,CU419,00:30:00,false,false
T1969,CU743,00:30:00,true,false
T1970,CU929,00:30:00,true,true
T1971,CU678,00:30:00,true,true
T1972,CU257,00:30:00,true,true
T1973,CU134,00:30:00,true,false
T1974,CU15,00:30:00,true,true
T1975,CU802,00:30:00,true,false
T1976,CU504,00:30:00,true,true
T1977,CU257,00:30:00,true,true
T1978,CU219,00:30:00,true,true
T1979,CU103,00:30:00,true,false
T1980,CU342,00:30:00,true,false
T1981,CU185,00:30:00,true,false
T1982,CU115,00:30:00,true,true
T1983,CU961,00:30:00,true,false
T1984,CU30,00:30:00,true,true
T1985,CU850,00:30:00,true,false
T1986,CU511,00:30:00,true,false
T1987,CU230,00:30:00,true,false
T1988,CU917,00:30:00,true,true
T1989,CU171,00:30:00,true,false
T1990,CU220,00:30:00,true,false
T1991,CU32,00:30:00,true,true
T1992,CU962,00:30:00,true,true
T1993,CU219,00:30:00,true,false
T1994,CU870,00:30:00,true,true
T1995,CU103,00:30:00,true,true
T1996,CU771,00:30:00,true,false
T1997,CU936,00:30:00,true,true
T1998,CU927,00:30:00,true,true
T1999,CU554,00:30:00,true,false
T2000,CU652,00:30:00,true,false
