id_usuario,id_dispositivo,huella_dactilar,reconocimiento_facial,ubicaciones
US1,DV328,true,false,"El Salvador, Ciudad9"
US2,DV28,false,false,"Panamá, Ciudad2"
US3,DV408,false,false,"Costa Rica, Ciudad3"
US4,DV241,true,false,"Panamá, Ciudad2"
US5,DV127,false,false,"Belice, Ciudad4"
US6,DV441,false,false,"Panamá, Ciudad9"
US7,DV197,true,true,"Guatemala, Capital"
US8,DV122,false,true,"Guatemala, Ciudad9"
US9,DV392,false,false,"Honduras, Ciudad5"
US10,DV355,true,true,"Guatemala, Ciudad4"
US11,DV268,false,false,"El Salvador, Capital"
US12,DV154,true,true,"Panamá, Ciudad8"
US13,DV1,false,true,"El Salvador, Ciudad2"
US14,DV207,false,false,"Panamá, Ciudad9"
US15,DV277,true,true,"Belice, Ciudad4"
US16,DV138,false,false,"Guatemala, Capital"
US17,DV17,false,true,"Costa Rica, Ciudad4"
US18,DV244,true,true,"Honduras, Ciudad2"
US19,DV400,false,false,"Nicaragua, Ciudad9"
US20,DV349,false,true,"Panamá, Capital"
US21,DV332,false,true,"Costa Rica, Ciudad9"
US22,DV60,true,false,"Honduras, Ciudad4"
US23,DV117,false,false,"Honduras, Ciudad4"
US24,DV171,true,true,"Nicaragua, Ciudad7"
US25,DV336,false,true,"Panamá, Ciudad4"
US26,DV111,true,true,"Costa Rica, Ciudad2"
US27,DV204,false,true,"El Salvador, Ciudad8"
US28,DV496,false,false,"Honduras, Ciudad3"
US29,DV294,true,false,"El Salvador, Ciudad8"
US30,DV388,false,false,"Honduras, Capital"
US31,DV224,false,true,"Costa Rica, Ciudad8"
US32,DV172,false,false,"Belice, Ciudad2"
US33,DV444,true,true,"Nicaragua, Ciudad8"
US34,DV275,false,true,"Nicaragua, Ciudad3"
US35,DV237,true,true,"Costa Rica, Ciudad8"
US36,DV224,true,true,"Costa Rica, Ciudad5"
US37,DV7,true,false,"Nicaragua, Ciudad8"
US38,DV418,false,true,"Panamá, Ciudad4"
US39,DV340,false,false,"Nicaragua, Ciudad8"
US40,DV48,false,false,"Belice, Ciudad3"
US41,DV99,false,true,"Honduras, Ciudad4"
US42,DV194,false,true,"Panamá, Ciudad6"
US43,DV475,false,false,"Honduras, Ciudad1"
US44,DV115,true,false,"Guatemala, Ciudad1"
US45,DV82,false,false,"Panamá, Ciudad9"
US46,DV196,false,true,"El Salvador, Ciudad1"
US47,DV132,false,true,"El Salvador, Ciudad4"
US48,DV81,false,false,"Honduras, Ciudad1"
US49,DV244,true,false,"Panamá, Ciudad8"
US50,DV297,true,false,"Belice, Ciudad2"
US51,DV260,false,true,"Honduras, Ciudad5"
US52,DV305,true,false,"Costa Rica, Ciudad8"
US53,DV196,false,true,"Honduras, Ciudad6"
US54,DV234,true,true,"Panamá, Ciudad7"
US55,DV61,false,true,"Belice, Ciudad6"
US56,DV135,true,false,"Costa Rica, Ciudad2"
US57,DV136,true,true,"Panamá, Ciudad5"
US58,DV381,false,true,"Guatemala, Ciudad6"
US59,DV106,true,true,"Honduras, Ciudad1"
US60,DV435,true,false,"El Salvador, Ciudad3"
US61,DV150,true,false,"Nicaragua, Ciudad3"
US62,DV294,false,true,"Nicaragua, Ciudad5"
US63,DV209,true,false,"Belice, Capital"
US64,DV46,false,true,"El Salvador, Ciudad7"
US65,DV443,false,true,"Guatemala, Ciudad4"
US66,DV139,false,true,"Nicaragua, Ciudad2"
US67,DV411,false,true,"Costa Rica, Ciudad8"
US68,DV383,false,true,"El Salvador, Ciudad2"
US69,DV150,false,true,"Belice, Capital"
US70,DV112,false,true,"Nicaragua, Ciudad9"
US71,DV402,true,true,"Nicaragua, Ciudad3"
US72,DV349,true,true,"Costa Rica, Ciudad8"
US73,DV338,false,true,"El Salvador, Ciudad3"
US74,DV238,false,false,"Nicaragua, Ciudad8"
US75,DV124,true,false,"Belice, Ciudad4"
US76,DV491,true,true,"Costa Rica, Ciudad5"
US77,DV150,false,false,"Panamá, Ciudad5"
US78,DV185,false,true,"Panamá, Ciudad7"
US79,DV251,true,true,"Panamá, Capital"
US80,DV229,true,false,"Guatemala, Ciudad2"
US81,DV237,false,true,"Panamá, Ciudad6"
US82,DV48,false,true,"Costa Rica, Ciudad1"
US83,DV18,false,true,"Panamá, Ciudad2"
US84,DV492,false,false,"Guatemala, Ciudad7"
US85,DV415,true,true,"Guatemala, Ciudad7"
US86,DV121,true,true,"Costa Rica, Ciudad1"
US87,DV217,false,false,"Costa Rica, Ciudad4"
US88,DV497,true,true,"Honduras, Ciudad5"
US89,DV339,false,true,"Costa Rica, Ciudad5"
US90,DV213,false,false,"Guatemala, Ciudad3"
US91,DV346,false,false,"Belice, Ciudad6"
US92,DV354,false,false,"Guatemala, Ciudad6"
US93,DV144,true,true,"Honduras, Ciudad9"
US94,DV83,true,false,"Guatemala, Capital"
US95,DV78,false,false,"El Salvador, Ciudad5"
US96,DV342,false,true,"Costa Rica, Ciudad1"
US97,DV409,true,true,"Panamá, Ciudad7"
US98,DV383,true,true,"Honduras, Ciudad4"
US99,DV339,false,false,"Nicaragua, Ciudad8"
US100,DV171,false,false,"Panamá, Ciudad9"
US101,DV15,true,false,"Guatemala, Ciudad1"
US102,DV249,false,false,"Guatemala, Ciudad9"
US103,DV4,true,false,"Panamá, Ciudad3"
US104,DV247,true,false,"Guatemala, Capital"
US105,DV244,true,false,"Belice, Ciudad9"
US106,DV455,false,false,"Honduras, Ciudad9"
US107,DV207,false,false,"Nicaragua, Ciudad7"
US108,DV418,false,false,"Nicaragua, Ciudad1"
US109,DV260,false,false,"Belice, Ciudad4"
US110,DV106,true,false,"Nicaragua, Ciudad7"
US111,DV323,true,false,"Costa Rica, Ciudad3"
US112,DV458,true,false,"Panamá, Ciudad8"
US113,DV368,false,true,"Panamá, Ciudad8"
US114,DV180,true,false,"Honduras, Ciudad9"
US115,DV150,false,true,"Costa Rica, Ciudad7"
US116,DV16,false,true,"Honduras, Ciudad8"
US117,DV307,true,true,"Honduras, Ciudad3"
US118,DV34,true,false,"Costa Rica, Ciudad7"
US119,DV192,true,true,"Belice, Ciudad3"
US120,DV116,true,true,"Guatemala, Ciudad4"
US121,DV163,true,false,"Panamá, Ciudad1"
US122,DV19,true,false,"El Salvador, Ciudad9"
US123,DV453,true,true,"Costa Rica, Ciudad7"
US124,DV181,true,false,"Nicaragua, Ciudad1"
US125,DV326,true,true,"Panamá, Ciudad7"
US126,DV333,true,true,"Costa Rica, Ciudad4"
US127,DV114,true,true,"Costa Rica, Ciudad4"
US128,DV383,true,false,"Belice, Ciudad1"
US129,DV266,true,false,"Honduras, Ciudad7"
US130,DV427,true,true,"Costa Rica, Ciudad9"
US131,DV231,false,true,"Nicaragua, Ciudad7"
US132,DV496,false,false,"El Salvador, Ciudad2"
US133,DV138,false,false,"Nicaragua, Ciudad1"
US134,DV429,true,false,"Panamá, Capital"
US135,DV316,false,true,"Belice, Ciudad4"
US136,DV351,false,true,"Costa Rica, Ciudad3"
US137,DV108,true,false,"Honduras, Ciudad5"
US138,DV447,false,false,"El Salvador, Ciudad7"
US139,DV185,true,true,"Honduras, Capital"
US140,DV228,true,false,"Belice, Ciudad2"
US141,DV462,false,true,"Costa Rica, Capital"
US142,DV35,true,true,"Panamá, Ciudad5"
US143,DV155,false,true,"Belice, Ciudad1"
US144,DV148,false,true,"Panamá, Ciudad7"
US145,DV234,true,true,"Costa Rica, Ciudad6"
US146,DV290,false,true,"El Salvador, Ciudad5"
US147,DV380,true,false,"Honduras, Capital"
US148,DV349,false,false,"Nicaragua, Capital"
US149,DV330,true,false,"Nicaragua, Ciudad3"
US150,DV159,true,false,"Costa Rica, Ciudad9"
US151,DV53,true,false,"Belice, Ciudad2"
US152,DV141,false,false,"El Salvador, Ciudad1"
US153,DV428,false,false,"Belice, Ciudad5"
US154,DV447,false,true,"Belice, Ciudad1"
US155,DV200,false,false,"Guatemala, Ciudad2"
US156,DV222,true,true,"Panamá, Ciudad7"
US157,DV468,true,true,"El Salvador, Ciudad1"
US158,DV458,false,false,"Costa Rica, Ciudad4"
US159,DV63,false,false,"Belice, Ciudad2"
US160,DV86,false,true,"Belice, Ciudad4"
US161,DV234,true,true,"Nicaragua, Ciudad9"
US162,DV53,false,false,"Nicaragua, Ciudad4"
US163,DV284,false,false,"Belice, Ciudad1"
US164,DV437,false,false,"Nicaragua, Ciudad3"
US165,DV435,false,false,"Panamá, Ciudad9"
US166,DV291,true,false,"Panamá, Ciudad6"
US167,DV16,false,false,"Costa Rica, Ciudad3"
US168,DV57,false,false,"El Salvador, Ciudad6"
US169,DV271,false,true,"Costa Rica, Ciudad6"
US170,DV309,true,true,"Honduras, Ciudad7"
US171,DV362,true,true,"Guatemala, Ciudad4"
US172,DV342,true,false,"Panamá, Ciudad9"
US173,DV73,false,true,"Costa Rica, Capital"
US174,DV404,true,false,"El Salvador, Ciudad1"
US175,DV174,true,true,"Honduras, Ciudad5"
US176,DV216,true,true,"Belice, Ciudad7"
US177,DV153,false,false,"Honduras, Ciudad2"
US178,DV299,false,false,"Guatemala, Ciudad6"
US179,DV345,false,true,"Belice, Ciudad2"
US180,DV246,true,false,"Belice, Ciudad8"
US181,DV262,true,true,"Costa Rica, Ciudad6"
US182,DV266,false,false,"Honduras, Ciudad4"
US183,DV113,true,true,"Panamá, Capital"
US184,DV84,true,true,"Costa Rica, Capital"
US185,DV74,true,false,"Belice, Capital"
US186,DV372,false,true,"Costa Rica, Ciudad1"
US187,DV53,true,true,"El Salvador, Ciudad3"
US188,DV14,true,true,"Guatemala, Ciudad1"
US189,DV335,true,false,"Costa Rica, Ciudad4"
US190,DV477,true,false,"Guatemala, Ciudad6"
US191,DV438,true,true,"Panamá, Ciudad9"
US192,DV440,false,true,"Nicaragua, Capital"
US193,DV168,false,false,"Costa Rica, Capital"
US194,DV204,true,false,"Nicaragua, Ciudad5"
US195,DV8,true,false,"Panamá, Ciudad2"
US196,DV54,false,false,"Honduras, Ciudad9"
US197,DV234,true,false,"El Salvador, Ciudad7"
US198,DV161,true,true,"Nicaragua, Ciudad5"
US199,DV386,false,false,"Belice, Ciudad9"
US200,DV66,false,false,"Panamá, Capital"
US201,DV484,true,true,"Guatemala, Ciudad9"
US202,DV500,true,false,"Guatemala, Ciudad6"
US203,DV369,false,false,"Honduras, Ciudad9"
US204,DV189,true,true,"Belice, Ciudad6"
US205,DV268,true,true,"Honduras, Ciudad5"
US206,DV43,false,false,"Belice, Ciudad9"
US207,DV323,true,true,"Costa Rica, Ciudad5"
US208,DV305,true,false,"Nicaragua, Capital"
US209,DV206,false,true,"Belice, Ciudad3"
US210,DV490,false,false,"Honduras, Ciudad6"
US211,DV328,false,true,"Guatemala, Ciudad7"
US212,DV353,false,false,"El Salvador, Ciudad8"
US213,DV195,false,true,"El Salvador, Ciudad7"
US214,DV294,false,true,"Panamá, Ciudad6"
US215,DV363,true,true,"Guatemala, Ciudad4"
US216,DV372,true,true,"Belice, Capital"
US217,DV86,false,true,"Belice, Ciudad4"
US218,DV167,true,false,"Guatemala, Ciudad8"
US219,DV84,false,true,"Honduras, Ciudad2"
US220,DV318,false,false,"Nicaragua, Ciudad8"
US221,DV496,true,true,"El Salvador, Ciudad6"
US222,DV408,false,true,"Belice, Ciudad1"
US223,DV69,false,true,"Guatemala, Ciudad3"
US224,DV239,false,true,"Guatemala, Ciudad1"
US225,DV301,true,true,"Honduras, Ciudad6"
US226,DV80,true,true,"El Salvador, Ciudad6"
US227,DV89,true,true,"El Salvador, Ciudad2"
US228,DV79,true,false,"Nicaragua, Ciudad7"
US229,DV105,false,true,"Panamá, Capital"
US230,DV161,true,true,"Honduras, Ciudad6"
US231,DV224,false,true,"Nicaragua, Ciudad8"
US232,DV259,true,false,"Belice, Ciudad6"
US233,DV208,false,false,"El Salvador, Ciudad2"
US234,DV160,false,true,"Nicaragua, Ciudad5"
US235,DV221,false,false,"Honduras, Ciudad8"
US236,DV82,false,false,"Honduras, Ciudad2"
US237,DV452,true,false,"Guatemala, Ciudad2"
US238,DV48,true,false,"Nicaragua, Ciudad1"
US239,DV277,true,false,"Panamá, Ciudad1"
US240,DV304,false,true,"Costa Rica, Ciudad7"
US241,DV306,false,true,"Belice, Capital"
US242,DV154,true,true,"Nicaragua, Ciudad8"
US243,DV339,false,false,"Guatemala, Ciudad5"
US244,DV246,true,false,"Honduras, Ciudad3"
US245,DV224,true,false,"Guatemala, Ciudad7"
US246,DV92,false,true,"Guatemala, Capital"
US247,DV340,false,false,"Costa Rica, Ciudad6"
US248,DV9,true,false,"Guatemala, Ciudad6"
US249,DV52,false,true,"Honduras, Capital"
US250,DV187,true,false,"Costa Rica, Ciudad8"
US251,DV121,false,true,"Costa Rica, Ciudad3"
US252,DV397,false,true,"Belice, Ciudad8"
US253,DV417,true,false,"Belice, Ciudad5"
US254,DV110,true,false,"Honduras, Ciudad7"
US255,DV190,false,true,"Belice, Ciudad9"
US256,DV431,false,false,"Costa Rica, Ciudad6"
US257,DV473,true,true,"Belice, Ciudad4"
US258,DV65,true,true,"El Salvador, Ciudad3"
US259,DV344,false,false,"El Salvador, Ciudad3"
US260,DV23,false,false,"Panamá, Ciudad5"
US261,DV235,true,true,"Nicaragua, Ciudad1"
US262,DV55,true,true,"El Salvador, Ciudad2"
US263,DV329,false,true,"Belice, Ciudad9"
US264,DV385,true,false,"El Salvador, Capital"
US265,DV249,true,false,"Panamá, Ciudad3"
US266,DV235,true,false,"Panamá, Ciudad9"
US267,DV402,false,false,"Panamá, Ciudad7"
US268,DV64,false,false,"Guatemala, Ciudad1"
US269,DV101,false,true,"Honduras, Ciudad9"
US270,DV115,false,false,"Guatemala, Ciudad5"
US271,DV112,true,true,"Panamá, Ciudad9"
US272,DV204,false,true,"Costa Rica, Ciudad9"
US273,DV95,false,false,"Honduras, Ciudad2"
US274,DV398,true,true,"Honduras, Ciudad7"
US275,DV373,true,true,"El Salvador, Ciudad7"
US276,DV33,false,true,"Honduras, Ciudad7"
US277,DV455,true,true,"Honduras, Ciudad4"
US278,DV473,false,true,"El Salvador, Ciudad9"
US279,DV257,true,true,"El Salvador, Ciudad6"
US280,DV342,true,false,"Costa Rica, Ciudad9"
US281,DV140,false,false,"El Salvador, Ciudad9"
US282,DV397,true,true,"Honduras, Ciudad6"
US283,DV222,false,true,"Costa Rica, Ciudad8"
US284,DV48,true,true,"Costa Rica, Ciudad9"
US285,DV181,false,true,"Nicaragua, Ciudad6"
US286,DV24,true,true,"Costa Rica, Ciudad6"
US287,DV276,true,false,"Belice, Ciudad9"
US288,DV12,false,true,"Belice, Ciudad8"
US289,DV330,false,false,"El Salvador, Capital"
US290,DV444,true,false,"Costa Rica, Ciudad7"
US291,DV204,true,true,"Nicaragua, Ciudad8"
US292,DV437,true,true,"Nicaragua, Ciudad3"
US293,DV239,true,false,"Honduras, Ciudad3"
US294,DV479,true,true,"Panamá, Ciudad1"
US295,DV360,false,true,"El Salvador, Ciudad4"
US296,DV121,true,false,"Nicaragua, Ciudad1"
US297,DV406,false,true,"Costa Rica, Ciudad2"
US298,DV99,true,false,"Guatemala, Ciudad8"
US299,DV81,true,true,"Guatemala, Ciudad5"
US300,DV58,false,false,"El Salvador, Ciudad4"
US301,DV143,false,false,"Honduras, Ciudad2"
US302,DV73,true,false,"Guatemala, Ciudad1"
US303,DV401,false,false,"Costa Rica, Ciudad8"
US304,DV410,false,true,"Costa Rica, Ciudad4"
US305,DV209,false,false,"Costa Rica, Capital"
US306,DV298,false,true,"El Salvador, Ciudad2"
US307,DV271,true,true,"Guatemala, Ciudad1"
US308,DV161,false,false,"Guatemala, Ciudad9"
US309,DV378,true,false,"Costa Rica, Ciudad6"
US310,DV162,true,false,"Costa Rica, Ciudad1"
US311,DV484,true,false,"Belice, Ciudad5"
US312,DV135,false,true,"Guatemala, Ciudad4"
US313,DV230,false,false,"Honduras, Ciudad3"
US314,DV388,true,true,"Panamá, Ciudad3"
US315,DV289,false,false,"Belice, Ciudad9"
US316,DV300,true,false,"Guatemala, Ciudad5"
US317,DV403,false,true,"Honduras, Ciudad1"
US318,DV324,false,true,"Guatemala, Ciudad3"
US319,DV248,false,true,"Panamá, Ciudad2"
US320,DV6,true,true,"Guatemala, Ciudad8"
US321,DV21,false,true,"Costa Rica, Ciudad5"
US322,DV206,false,false,"Nicaragua, Ciudad3"
US323,DV38,false,false,"Guatemala, Ciudad5"
US324,DV103,true,false,"Honduras, Ciudad1"
US325,DV386,false,false,"El Salvador, Ciudad9"
US326,DV371,true,true,"Belice, Ciudad5"
US327,DV325,true,true,"Costa Rica, Ciudad8"
US328,DV257,false,true,"Costa Rica, Ciudad3"
US329,DV324,false,true,"Honduras, Ciudad2"
US330,DV416,false,true,"Nicaragua, Ciudad3"
US331,DV362,false,false,"El Salvador, Ciudad6"
US332,DV396,false,false,"El Salvador, Ciudad6"
US333,DV162,true,false,"Panamá, Ciudad2"
US334,DV95,true,false,"Nicaragua, Ciudad2"
US335,DV457,false,true,"Belice, Ciudad5"
US336,DV147,true,true,"Panamá, Ciudad3"
US337,DV395,true,true,"Belice, Ciudad7"
US338,DV114,false,false,"El Salvador, Capital"
US339,DV199,true,false,"Panamá, Ciudad2"
US340,DV479,false,true,"Belice, Ciudad2"
US341,DV120,false,true,"Honduras, Ciudad4"
US342,DV242,true,false,"Panamá, Ciudad7"
US343,DV381,false,false,"Guatemala, Ciudad8"
US344,DV56,false,true,"Guatemala, Ciudad4"
US345,DV202,true,false,"El Salvador, Capital"
US346,DV107,true,false,"Nicaragua, Ciudad8"
US347,DV268,false,false,"Nicaragua, Ciudad2"
US348,DV21,true,true,"Honduras, Ciudad8"
US349,DV344,false,false,"Costa Rica, Capital"
US350,DV467,true,false,"Nicaragua, Ciudad4"
US351,DV211,false,false,"Belice, Ciudad3"
US352,DV467,false,false,"El Salvador, Ciudad1"
US353,DV61,false,true,"Costa Rica, Capital"
US354,DV496,true,true,"Nicaragua, Ciudad6"
US355,DV299,false,false,"El Salvador, Capital"
US356,DV29,false,true,"Costa Rica, Ciudad3"
US357,DV389,true,true,"Panamá, Ciudad8"
US358,DV140,false,true,"El Salvador, Capital"
US359,DV116,false,true,"Costa Rica, Capital"
US360,DV332,false,false,"Costa Rica, Ciudad3"
US361,DV262,false,false,"Nicaragua, Ciudad6"
US362,DV402,false,true,"Belice, Ciudad7"
US363,DV295,true,false,"El Salvador, Ciudad1"
US364,DV236,true,false,"El Salvador, Ciudad4"
US365,DV359,false,false,"Belice, Ciudad2"
US366,DV420,true,false,"El Salvador, Ciudad6"
US367,DV96,false,true,"Honduras, Ciudad6"
US368,DV245,true,false,"Belice, Ciudad8"
US369,DV369,false,false,"Nicaragua, Ciudad2"
US370,DV116,true,false,"Guatemala, Ciudad3"
US371,DV204,true,false,"Guatemala, Ciudad5"
US372,DV489,false,true,"Costa Rica, Ciudad5"
US373,DV80,true,false,"Honduras, Ciudad7"
US374,DV248,true,true,"Panamá, Ciudad9"
US375,DV120,false,true,"Panamá, Capital"
US376,DV287,true,true,"Costa Rica, Ciudad2"
US377,DV38,true,false,"Nicaragua, Ciudad2"
US378,DV34,true,false,"El Salvador, Capital"
US379,DV376,true,false,"Guatemala, Ciudad6"
US380,DV339,false,true,"Honduras, Ciudad3"
US381,DV127,true,false,"Panamá, Ciudad7"
US382,DV102,false,false,"El Salvador, Ciudad7"
US383,DV390,false,true,"Nicaragua, Ciudad3"
US384,DV193,false,false,"Panamá, Ciudad4"
US385,DV15,true,false,"Guatemala, Ciudad1"
US386,DV468,false,false,"Costa Rica, Capital"
US387,DV3,true,false,"Nicaragua, Capital"
US388,DV499,true,false,"Guatemala, Ciudad9"
US389,DV141,false,false,"Belice, Ciudad3"
US390,DV155,false,false,"Guatemala, Ciudad7"
US391,DV122,true,true,"Nicaragua, Capital"
US392,DV465,false,false,"El Salvador, Ciudad4"
US393,DV59,true,true,"Guatemala, Ciudad8"
US394,DV211,true,true,"Honduras, Ciudad8"
US395,DV279,false,true,"Nicaragua, Ciudad3"
US396,DV91,false,false,"Costa Rica, Ciudad7"
US397,DV226,false,false,"Honduras, Ciudad4"
US398,DV403,false,false,"Honduras, Ciudad9"
US399,DV103,false,true,"Nicaragua, Ciudad4"
US400,DV489,true,false,"Nicaragua, Ciudad9"
US401,DV392,true,false,"Guatemala, Ciudad3"
US402,DV283,false,false,"Honduras, Ciudad7"
US403,DV361,true,false,"Honduras, Ciudad7"
US404,DV354,false,true,"Nicaragua, Ciudad3"
US405,DV173,true,false,"Guatemala, Ciudad6"
US406,DV169,true,false,"Nicaragua, Ciudad9"
US407,DV242,false,true,"Guatemala, Ciudad4"
US408,DV410,false,false,"El Salvador, Capital"
US409,DV123,false,false,"Belice, Ciudad6"
US410,DV1,false,false,"Honduras, Ciudad4"
US411,DV97,false,true,"El Salvador, Ciudad8"
US412,DV358,false,false,"Guatemala, Ciudad6"
US413,DV293,true,true,"Belice, Ciudad5"
US414,DV167,false,true,"El Salvador, Ciudad8"
US415,DV383,false,false,"Honduras, Capital"
US416,DV457,false,true,"Costa Rica, Ciudad6"
US417,DV241,true,false,"Costa Rica, Ciudad4"
US418,DV245,false,false,"Belice, Capital"
US419,DV396,false,false,"Panamá, Capital"
US420,DV468,true,true,"Belice, Ciudad8"
US421,DV243,false,false,"El Salvador, Capital"
US422,DV18,true,true,"Costa Rica, Ciudad6"
US423,DV90,true,true,"Nicaragua, Ciudad2"
US424,DV70,false,true,"Nicaragua, Ciudad7"
US425,DV83,false,true,"Nicaragua, Ciudad7"
US426,DV91,true,false,"Belice, Ciudad3"
US427,DV66,true,true,"Costa Rica, Ciudad2"
US428,DV89,true,true,"El Salvador, Ciudad1"
US429,DV125,true,true,"Honduras, Capital"
US430,DV242,false,false,"Guatemala, Ciudad8"
US431,DV142,true,true,"Costa Rica, Ciudad3"
US432,DV290,false,false,"Nicaragua, Ciudad2"
US433,DV117,true,true,"El Salvador, Ciudad9"
US434,DV208,true,true,"Nicaragua, Ciudad2"
US435,DV348,true,false,"El Salvador, Ciudad6"
US436,DV159,false,true,"Costa Rica, Ciudad6"
US437,DV271,true,true,"Costa Rica, Ciudad2"
US438,DV368,false,false,"Panamá, Ciudad1"
US439,DV205,false,false,"El Salvador, Ciudad7"
US440,DV410,true,true,"Panamá, Ciudad5"
US441,DV158,true,false,"Guatemala, Ciudad4"
US442,DV18,true,false,"Panamá, Ciudad9"
US443,DV335,false,false,"Panamá, Capital"
US444,DV449,false,false,"Honduras, Ciudad6"
US445,DV368,true,false,"Costa Rica, Ciudad3"
US446,DV17,true,false,"Panamá, Ciudad2"
US447,DV395,false,false,"Panamá, Ciudad8"
US448,DV454,true,false,"Belice, Ciudad8"
US449,DV284,true,false,"Costa Rica, Ciudad8"
US450,DV52,true,false,"Honduras, Ciudad6"
US451,DV396,false,true,"El Salvador, Ciudad4"
US452,DV311,false,false,"Costa Rica, Ciudad5"
US453,DV263,false,false,"Guatemala, Ciudad3"
US454,DV86,false,false,"Panamá, Ciudad2"
US455,DV484,false,true,"Panamá, Ciudad7"
US456,DV209,true,false,"Costa Rica, Ciudad5"
US457,DV380,true,false,"Panamá, Ciudad1"
US458,DV417,true,true,"Belice, Ciudad4"
US459,DV82,true,false,"El Salvador, Ciudad3"
US460,DV163,false,false,"Guatemala, Ciudad3"
US461,DV445,false,false,"Costa Rica, Capital"
US462,DV338,false,true,"Panamá, Ciudad1"
US463,DV192,true,true,"Honduras, Ciudad1"
US464,DV146,false,false,"Honduras, Ciudad8"
US465,DV47,true,true,"Guatemala, Ciudad9"
US466,DV89,false,true,"Costa Rica, Ciudad5"
US467,DV109,true,false,"Nicaragua, Ciudad2"
US468,DV147,true,false,"Panamá, Ciudad1"
US469,DV398,false,true,"Costa Rica, Ciudad9"
US470,DV212,false,false,"Honduras, Ciudad9"
US471,DV469,false,true,"Honduras, Ciudad7"
US472,DV293,false,true,"Honduras, Capital"
US473,DV13,true,true,"Costa Rica, Ciudad7"
US474,DV430,false,false,"Nicaragua, Capital"
US475,DV357,false,true,"Honduras, Capital"
US476,DV83,false,true,"El Salvador, Ciudad8"
US477,DV207,false,true,"Nicaragua, Ciudad6"
US478,DV101,false,false,"Belice, Ciudad5"
US479,DV158,false,true,"El Salvador, Ciudad8"
US480,DV270,false,true,"Nicaragua, Ciudad3"
US481,DV147,true,true,"Guatemala, Ciudad6"
US482,DV467,true,false,"Panamá, Ciudad3"
US483,DV475,true,false,"Belice, Ciudad9"
US484,DV499,false,false,"Guatemala, Capital"
US485,DV92,false,true,"El Salvador, Ciudad5"
US486,DV398,false,true,"Honduras, Capital"
US487,DV405,false,false,"Nicaragua, Ciudad5"
US488,DV271,false,false,"Nicaragua, Ciudad3"
US489,DV265,false,true,"Costa Rica, Ciudad6"
US490,DV163,true,true,"Costa Rica, Ciudad2"
US491,DV262,false,false,"Costa Rica, Ciudad4"
US492,DV33,true,true,"Belice, Ciudad1"
US493,DV358,true,false,"Honduras, Ciudad7"
US494,DV214,true,true,"El Salvador, Ciudad6"
US495,DV371,true,false,"Belice, Ciudad8"
US496,DV233,false,true,"Costa Rica, Ciudad1"
US497,DV410,true,true,"El Salvador, Ciudad3"
US498,DV349,false,false,"Nicaragua, Capital"
US499,DV155,true,true,"Costa Rica, Ciudad7"
US500,DV480,false,false,"Panamá, Ciudad7"
US501,DV376,false,true,"Panamá, Ciudad7"
US502,DV68,true,true,"Honduras, Ciudad5"
US503,DV166,false,false,"Belice, Ciudad4"
US504,DV189,false,false,"El Salvador, Ciudad9"
US505,DV248,true,true,"Nicaragua, Capital"
US506,DV370,true,true,"Belice, Ciudad2"
US507,DV421,true,true,"Belice, Ciudad5"
US508,DV326,true,true,"Honduras, Ciudad2"
US509,DV187,true,true,"Belice, Ciudad3"
US510,DV7,true,false,"Nicaragua, Ciudad3"
US511,DV259,false,true,"Panamá, Ciudad8"
US512,DV328,false,true,"Belice, Ciudad6"
US513,DV467,false,true,"Honduras, Ciudad8"
US514,DV231,true,false,"Panamá, Ciudad5"
US515,DV337,true,false,"El Salvador, Ciudad3"
US516,DV148,false,true,"Costa Rica, Ciudad3"
US517,DV249,true,true,"Nicaragua, Ciudad3"
US518,DV317,true,false,"Belice, Ciudad5"
US519,DV376,false,true,"Honduras, Ciudad7"
US520,DV267,false,true,"Nicaragua, Ciudad4"
US521,DV152,true,true,"El Salvador, Ciudad5"
US522,DV198,false,true,"Costa Rica, Ciudad1"
US523,DV497,false,true,"El Salvador, Ciudad1"
US524,DV320,false,true,"Guatemala, Ciudad5"
US525,DV120,false,true,"Costa Rica, Ciudad2"
US526,DV447,true,true,"Belice, Ciudad8"
US527,DV385,true,true,"El Salvador, Ciudad4"
US528,DV193,false,true,"Nicaragua, Ciudad9"
US529,DV255,false,true,"Panamá, Ciudad5"
US530,DV484,true,true,"Honduras, Ciudad8"
US531,DV221,true,false,"Belice, Capital"
US532,DV257,true,false,"Belice, Ciudad1"
US533,DV295,false,false,"El Salvador, Ciudad3"
US534,DV471,false,false,"Belice, Ciudad4"
US535,DV486,false,false,"El Salvador, Capital"
US536,DV415,true,false,"Panamá, Ciudad7"
US537,DV143,false,true,"Honduras, Ciudad4"
US538,DV208,true,true,"Honduras, Ciudad3"
US539,DV492,true,false,"El Salvador, Ciudad4"
US540,DV423,false,true,"Panamá, Ciudad7"
US541,DV59,false,true,"Guatemala, Ciudad4"
US542,DV186,true,false,"Nicaragua, Ciudad8"
US543,DV310,false,true,"Honduras, Ciudad3"
US544,DV254,false,false,"El Salvador, Ciudad1"
US545,DV207,true,true,"Panamá, Ciudad5"
US546,DV178,true,false,"Belice, Ciudad1"
US547,DV140,false,true,"Panamá, Ciudad5"
US548,DV1,false,true,"Panamá, Capital"
US549,DV153,false,true,"Belice, Ciudad2"
US550,DV213,true,false,"Guatemala, Ciudad8"
US551,DV382,false,true,"El Salvador, Ciudad4"
US552,DV107,false,false,"El Salvador, Ciudad3"
US553,DV412,false,false,"Panamá, Ciudad5"
US554,DV183,false,true,"Panamá, Ciudad5"
US555,DV148,true,false,"El Salvador, Ciudad1"
US556,DV237,false,false,"Honduras, Ciudad4"
US557,DV104,false,false,"Guatemala, Ciudad7"
US558,DV350,false,true,"Costa Rica, Ciudad6"
US559,DV162,true,true,"Honduras, Capital"
US560,DV50,true,false,"Honduras, Ciudad5"
US561,DV204,true,false,"Nicaragua, Ciudad5"
US562,DV88,false,true,"Guatemala, Ciudad1"
US563,DV466,true,false,"Honduras, Ciudad9"
US564,DV492,true,false,"Belice, Ciudad9"
US565,DV340,false,true,"Guatemala, Ciudad2"
US566,DV44,true,true,"Panamá, Ciudad8"
US567,DV370,true,true,"Belice, Ciudad6"
US568,DV236,true,true,"Honduras, Ciudad3"
US569,DV459,false,true,"Panamá, Ciudad9"
US570,DV216,false,false,"Nicaragua, Ciudad2"
US571,DV159,false,false,"El Salvador, Ciudad3"
US572,DV273,true,true,"El Salvador, Ciudad5"
US573,DV310,false,true,"El Salvador, Ciudad2"
US574,DV142,true,false,"Belice, Ciudad2"
US575,DV241,false,false,"Nicaragua, Ciudad9"
US576,DV425,false,true,"Panamá, Ciudad4"
US577,DV89,true,true,"Costa Rica, Ciudad4"
US578,DV222,true,true,"Belice, Ciudad4"
US579,DV156,false,true,"Guatemala, Ciudad1"
US580,DV154,false,false,"Guatemala, Ciudad9"
US581,DV41,true,false,"Belice, Ciudad5"
US582,DV32,false,true,"Guatemala, Ciudad2"
US583,DV324,false,true,"Guatemala, Ciudad7"
US584,DV223,true,true,"Costa Rica, Capital"
US585,DV34,false,true,"Panamá, Ciudad2"
US586,DV441,true,false,"Belice, Ciudad7"
US587,DV390,false,true,"Guatemala, Ciudad8"
US588,DV397,true,true,"Honduras, Ciudad9"
US589,DV428,true,false,"Honduras, Ciudad7"
US590,DV293,true,true,"Nicaragua, Ciudad2"
US591,DV169,false,false,"Guatemala, Ciudad7"
US592,DV248,false,true,"Nicaragua, Ciudad4"
US593,DV193,false,false,"Nicaragua, Ciudad7"
US594,DV60,true,false,"Belice, Ciudad2"
US595,DV207,false,true,"Belice, Ciudad4"
US596,DV452,false,true,"Guatemala, Ciudad2"
US597,DV470,false,true,"El Salvador, Ciudad9"
US598,DV44,true,false,"Belice, Ciudad6"
US599,DV162,false,false,"Nicaragua, Ciudad7"
US600,DV203,true,false,"Honduras, Ciudad9"
US601,DV145,false,false,"Nicaragua, Ciudad4"
US602,DV163,true,false,"Honduras, Ciudad7"
US603,DV405,true,false,"Nicaragua, Ciudad9"
US604,DV116,false,true,"Belice, Ciudad9"
US605,DV269,false,false,"Costa Rica, Ciudad1"
US606,DV399,false,true,"Panamá, Ciudad5"
US607,DV125,true,true,"Honduras, Ciudad5"
US608,DV169,true,true,"Costa Rica, Capital"
US609,DV11,false,false,"Panamá, Ciudad4"
US610,DV144,false,true,"Guatemala, Ciudad1"
US611,DV147,true,true,"Honduras, Ciudad3"
US612,DV484,true,true,"Panamá, Ciudad8"
US613,DV302,false,true,"Nicaragua, Ciudad1"
US614,DV463,true,false,"El Salvador, Ciudad5"
US615,DV443,true,false,"Guatemala, Ciudad9"
US616,DV155,false,false,"Panamá, Capital"
US617,DV384,false,true,"Honduras, Ciudad1"
US618,DV292,true,true,"Belice, Ciudad4"
US619,DV487,true,true,"Panamá, Ciudad8"
US620,DV171,false,true,"Panamá, Ciudad1"
US621,DV496,true,true,"Nicaragua, Ciudad5"
US622,DV215,true,true,"Panamá, Ciudad9"
US623,DV465,true,false,"Costa Rica, Ciudad8"
US624,DV103,false,true,"Panamá, Ciudad4"
US625,DV445,true,true,"Belice, Ciudad3"
US626,DV470,true,true,"Guatemala, Ciudad8"
US627,DV202,true,true,"Costa Rica, Ciudad1"
US628,DV287,false,true,"Panamá, Ciudad9"
US629,DV493,false,true,"Nicaragua, Ciudad1"
US630,DV145,true,true,"El Salvador, Ciudad2"
US631,DV263,false,true,"Panamá, Ciudad3"
US632,DV212,true,false,"Guatemala, Ciudad2"
US633,DV51,true,true,"Guatemala, Ciudad4"
US634,DV246,false,true,"Honduras, Ciudad7"
US635,DV203,true,true,"Nicaragua, Ciudad7"
US636,DV350,false,false,"El Salvador, Ciudad6"
US637,DV90,true,false,"El Salvador, Capital"
US638,DV352,false,false,"Honduras, Ciudad2"
US639,DV479,true,true,"Costa Rica, Ciudad9"
US640,DV16,true,true,"Panamá, Ciudad2"
US641,DV382,true,false,"Belice, Ciudad4"
US642,DV187,false,true,"Nicaragua, Ciudad8"
US643,DV336,true,true,"Costa Rica, Ciudad8"
US644,DV336,false,true,"Nicaragua, Ciudad8"
US645,DV79,true,false,"Honduras, Ciudad1"
US646,DV461,true,false,"Honduras, Ciudad7"
US647,DV248,false,true,"Costa Rica, Ciudad4"
US648,DV468,false,true,"Honduras, Ciudad6"
US649,DV374,true,false,"El Salvador, Ciudad5"
US650,DV347,true,false,"Costa Rica, Ciudad6"
US651,DV252,false,false,"El Salvador, Ciudad5"
US652,DV314,false,false,"Honduras, Ciudad5"
US653,DV310,true,true,"Guatemala, Ciudad9"
US654,DV53,true,true,"Guatemala, Ciudad4"
US655,DV72,true,true,"Costa Rica, Ciudad3"
US656,DV124,false,true,"Guatemala, Ciudad1"
US657,DV242,false,true,"El Salvador, Capital"
US658,DV374,false,false,"Panamá, Ciudad4"
US659,DV344,true,true,"Panamá, Ciudad4"
US660,DV276,true,false,"Panamá, Ciudad2"
US661,DV352,false,false,"Panamá, Ciudad1"
US662,DV417,true,false,"Honduras, Ciudad2"
US663,DV467,false,true,"Belice, Ciudad3"
US664,DV1,true,false,"Honduras, Ciudad9"
US665,DV485,false,false,"Honduras, Ciudad4"
US666,DV426,false,true,"Nicaragua, Ciudad4"
US667,DV195,false,false,"Nicaragua, Ciudad7"
US668,DV187,false,false,"El Salvador, Ciudad8"
US669,DV150,false,false,"Panamá, Capital"
US670,DV317,false,true,"Belice, Ciudad2"
US671,DV277,true,true,"Honduras, Ciudad8"
US672,DV499,false,true,"El Salvador, Ciudad1"
US673,DV394,true,true,"El Salvador, Ciudad9"
US674,DV175,false,false,"Guatemala, Ciudad7"
US675,DV366,false,false,"Guatemala, Capital"
US676,DV188,false,true,"Honduras, Ciudad3"
US677,DV147,true,false,"El Salvador, Ciudad3"
US678,DV486,true,true,"Honduras, Ciudad8"
US679,DV388,true,true,"Belice, Ciudad2"
US680,DV269,false,true,"Nicaragua, Ciudad8"
US681,DV242,true,false,"Guatemala, Ciudad5"
US682,DV464,true,true,"Nicaragua, Ciudad9"
US683,DV409,true,false,"Honduras, Ciudad6"
US684,DV168,false,false,"Costa Rica, Ciudad8"
US685,DV306,false,true,"El Salvador, Ciudad6"
US686,DV229,true,true,"Honduras, Ciudad4"
US687,DV496,true,false,"Guatemala, Capital"
US688,DV361,true,false,"Guatemala, Ciudad1"
US689,DV82,false,true,"Nicaragua, Ciudad2"
US690,DV482,true,true,"Nicaragua, Ciudad3"
US691,DV278,false,true,"Guatemala, Ciudad2"
US692,DV45,true,true,"Panamá, Ciudad7"
US693,DV46,true,false,"Nicaragua, Ciudad4"
US694,DV8,true,false,"Costa Rica, Ciudad8"
US695,DV104,true,true,"Honduras, Ciudad3"
US696,DV60,true,false,"Belice, Ciudad6"
US697,DV344,false,true,"Nicaragua, Ciudad8"
US698,DV451,false,false,"El Salvador, Capital"
US699,DV3,false,true,"El Salvador, Ciudad7"
US700,DV26,false,false,"El Salvador, Ciudad2"
US701,DV11,true,false,"Panamá, Ciudad5"
US702,DV356,true,true,"El Salvador, Ciudad4"
US703,DV20,false,true,"Honduras, Ciudad3"
US704,DV221,true,true,"Costa Rica, Ciudad2"
US705,DV206,true,true,"El Salvador, Ciudad9"
US706,DV498,true,true,"El Salvador, Ciudad4"
US707,DV40,true,false,"Panamá, Capital"
US708,DV183,false,false,"Belice, Ciudad6"
US709,DV197,false,false,"Guatemala, Ciudad4"
US710,DV72,true,false,"Belice, Ciudad4"
US711,DV470,true,false,"Panamá, Ciudad3"
US712,DV96,true,false,"Belice, Ciudad3"
US713,DV447,false,false,"Panamá, Ciudad9"
US714,DV440,false,false,"Panamá, Capital"
US715,DV337,true,false,"Guatemala, Ciudad7"
US716,DV111,false,true,"Costa Rica, Ciudad2"
US717,DV500,true,true,"Costa Rica, Ciudad5"
US718,DV368,true,false,"Belice, Ciudad3"
US719,DV143,false,false,"Costa Rica, Ciudad5"
US720,DV51,true,false,"El Salvador, Ciudad7"
US721,DV231,true,true,"Nicaragua, Ciudad6"
US722,DV231,false,true,"Nicaragua, Ciudad6"
US723,DV84,true,true,"Guatemala, Capital"
US724,DV251,true,false,"Nicaragua, Ciudad3"
US725,DV53,false,false,"Guatemala, Ciudad5"
US726,DV439,false,false,"Costa Rica, Ciudad6"
US727,DV162,true,true,"Panamá, Ciudad6"
US728,DV123,false,false,"Panamá, Capital"
US729,DV23,true,true,"Panamá, Ciudad7"
US730,DV455,true,false,"Honduras, Ciudad5"
US731,DV441,true,false,"Belice, Ciudad6"
US732,DV382,true,false,"Nicaragua, Ciudad6"
US733,DV152,false,false,"Panamá, Ciudad3"
US734,DV147,true,false,"Panamá, Ciudad8"
US735,DV134,true,true,"Costa Rica, Capital"
US736,DV487,false,true,"Honduras, Ciudad7"
US737,DV138,true,true,"El Salvador, Ciudad1"
US738,DV462,true,false,"Nicaragua, Capital"
US739,DV298,true,true,"El Salvador, Ciudad6"
US740,DV145,false,true,"Panamá, Ciudad7"
US741,DV13,false,false,"Nicaragua, Ciudad2"
US742,DV217,true,false,"Belice, Ciudad6"
US743,DV451,false,false,"Costa Rica, Ciudad8"
US744,DV312,false,false,"Belice, Ciudad9"
US745,DV431,false,true,"Nicaragua, Capital"
US746,DV377,false,true,"Honduras, Ciudad6"
US747,DV100,false,false,"Belice, Ciudad3"
US748,DV69,false,true,"Panamá, Ciudad7"
US749,DV410,false,true,"Belice, Ciudad2"
US750,DV302,false,true,"Costa Rica, Ciudad9"
US751,DV198,false,false,"El Salvador, Ciudad4"
US752,DV211,true,true,"Guatemala, Ciudad2"
US753,DV328,true,true,"Costa Rica, Ciudad1"
US754,DV106,false,true,"Belice, Ciudad1"
US755,DV254,true,false,"Nicaragua, Ciudad4"
US756,DV122,true,true,"Belice, Ciudad6"
US757,DV396,false,false,"Guatemala, Ciudad1"
US758,DV137,true,false,"Costa Rica, Ciudad1"
US759,DV118,true,false,"El Salvador, Ciudad7"
US760,DV152,false,false,"Nicaragua, Ciudad6"
US761,DV384,false,true,"El Salvador, Ciudad2"
US762,DV104,false,false,"Panamá, Ciudad3"
US763,DV120,true,true,"Guatemala, Ciudad7"
US764,DV239,false,true,"Panamá, Ciudad8"
US765,DV337,true,true,"Panamá, Capital"
US766,DV334,false,false,"Nicaragua, Ciudad8"
US767,DV420,false,false,"El Salvador, Ciudad9"
US768,DV398,false,false,"Honduras, Ciudad7"
US769,DV91,true,false,"Nicaragua, Ciudad2"
US770,DV118,false,false,"Nicaragua, Ciudad1"
US771,DV181,false,true,"Panamá, Ciudad4"
US772,DV192,false,false,"Panamá, Ciudad8"
US773,DV108,false,true,"Belice, Ciudad8"
US774,DV448,true,true,"Nicaragua, Ciudad2"
US775,DV249,false,true,"Guatemala, Ciudad9"
US776,DV359,true,false,"Guatemala, Ciudad4"
US777,DV324,true,true,"Guatemala, Capital"
US778,DV98,true,true,"Guatemala, Ciudad6"
US779,DV151,true,true,"Nicaragua, Ciudad5"
US780,DV146,false,false,"El Salvador, Ciudad2"
US781,DV379,true,true,"Honduras, Ciudad4"
US782,DV365,true,true,"Costa Rica, Ciudad2"
US783,DV491,false,true,"Belice, Ciudad8"
US784,DV217,true,true,"Belice, Ciudad1"
US785,DV141,true,true,"Panamá, Ciudad1"
US786,DV209,false,true,"Belice, Ciudad6"
US787,DV7,false,true,"Panamá, Ciudad1"
US788,DV253,true,true,"Costa Rica, Ciudad7"
US789,DV404,false,true,"Belice, Ciudad9"
US790,DV158,false,false,"Guatemala, Capital"
US791,DV167,false,false,"Nicaragua, Ciudad8"
US792,DV120,true,false,"El Salvador, Capital"
US793,DV113,true,false,"Guatemala, Ciudad1"
US794,DV339,true,true,"Nicaragua, Ciudad6"
US795,DV7,false,false,"El Salvador, Ciudad9"
US796,DV166,false,false,"El Salvador, Ciudad1"
US797,DV35,false,true,"El Salvador, Ciudad1"
US798,DV53,false,true,"Panamá, Ciudad2"
US799,DV265,true,false,"Belice, Ciudad9"
US800,DV148,true,false,"Panamá, Ciudad1"
US801,DV253,false,true,"Costa Rica, Ciudad3"
US802,DV435,true,false,"Nicaragua, Ciudad7"
US803,DV192,true,true,"Guatemala, Ciudad1"
US804,DV417,true,true,"Panamá, Ciudad1"
US805,DV52,false,false,"Honduras, Ciudad6"
US806,DV444,true,true,"Costa Rica, Ciudad8"
US807,DV175,true,false,"Panamá, Ciudad2"
US808,DV27,false,false,"Nicaragua, Ciudad7"
US809,DV358,false,true,"Guatemala, Ciudad9"
US810,DV457,true,true,"Guatemala, Ciudad7"
US811,DV203,true,false,"Belice, Ciudad5"
US812,DV335,false,true,"Panamá, Ciudad6"
US813,DV193,false,true,"Costa Rica, Ciudad8"
US814,DV389,true,false,"Honduras, Ciudad3"
US815,DV99,true,true,"Costa Rica, Ciudad1"
US816,DV139,true,true,"Honduras, Ciudad9"
US817,DV197,false,true,"Nicaragua, Ciudad3"
US818,DV386,false,true,"Costa Rica, Ciudad8"
US819,DV50,true,false,"El Salvador, Ciudad5"
US820,DV177,false,true,"Belice, Ciudad3"
US821,DV296,false,true,"Belice, Ciudad6"
US822,DV123,true,true,"Honduras, Ciudad1"
US823,DV309,true,false,"Panamá, Ciudad6"
US824,DV26,false,true,"Panamá, Ciudad6"
US825,DV58,true,true,"Costa Rica, Ciudad5"
US826,DV68,false,false,"Honduras, Ciudad4"
US827,DV390,false,false,"Honduras, Ciudad4"
US828,DV248,false,false,"Honduras, Ciudad2"
US829,DV54,false,false,"Panamá, Ciudad4"
US830,DV288,true,false,"El Salvador, Ciudad7"
US831,DV160,true,true,"Costa Rica, Ciudad2"
US832,DV409,true,false,"Nicaragua, Ciudad2"
US833,DV341,true,false,"Belice, Ciudad9"
US834,DV347,false,true,"Nicaragua, Ciudad5"
US835,DV117,true,true,"Nicaragua, Ciudad2"
US836,DV21,false,false,"El Salvador, Ciudad7"
US837,DV397,true,false,"Honduras, Ciudad4"
US838,DV31,true,false,"Honduras, Ciudad7"
US839,DV445,false,true,"Costa Rica, Ciudad3"
US840,DV430,false,true,"Belice, Ciudad3"
US841,DV220,false,true,"Guatemala, Capital"
US842,DV311,false,true,"Costa Rica, Ciudad3"
US843,DV424,false,true,"Nicaragua, Ciudad2"
US844,DV89,true,false,"Nicaragua, Ciudad9"
US845,DV424,true,false,"Guatemala, Ciudad9"
US846,DV307,false,true,"Guatemala, Ciudad4"
US847,DV240,true,false,"Panamá, Capital"
US848,DV312,true,true,"El Salvador, Ciudad8"
US849,DV273,false,false,"Nicaragua, Ciudad5"
US850,DV46,true,true,"Belice, Ciudad4"
US851,DV75,true,false,"Costa Rica, Ciudad9"
US852,DV173,true,true,"Nicaragua, Ciudad4"
US853,DV433,false,true,"Honduras, Ciudad8"
US854,DV432,false,true,"Costa Rica, Ciudad6"
US855,DV205,true,false,"Belice, Ciudad1"
US856,DV433,false,false,"Costa Rica, Ciudad4"
US857,DV121,false,false,"Guatemala, Ciudad3"
US858,DV284,true,true,"Belice, Ciudad5"
US859,DV280,false,true,"El Salvador, Ciudad4"
US860,DV370,true,true,"Belice, Ciudad3"
US861,DV463,false,false,"Belice, Ciudad8"
US862,DV243,true,false,"Honduras, Ciudad1"
US863,DV317,false,true,"Belice, Ciudad6"
US864,DV97,true,true,"Belice, Ciudad9"
US865,DV113,true,true,"Guatemala, Ciudad6"
US866,DV107,true,false,"Costa Rica, Ciudad4"
US867,DV236,false,true,"Costa Rica, Ciudad6"
US868,DV60,true,false,"Panamá, Ciudad5"
US869,DV201,false,true,"Belice, Ciudad3"
US870,DV190,true,false,"Nicaragua, Ciudad4"
US871,DV369,false,false,"Panamá, Ciudad5"
US872,DV82,true,true,"Honduras, Capital"
US873,DV453,false,false,"Honduras, Ciudad4"
US874,DV19,true,false,"Nicaragua, Ciudad5"
US875,DV221,true,false,"Nicaragua, Ciudad7"
US876,DV371,false,true,"Belice, Ciudad5"
US877,DV54,true,false,"El Salvador, Ciudad3"
US878,DV175,false,true,"Panamá, Ciudad3"
US879,DV290,true,true,"El Salvador, Ciudad7"
US880,DV394,false,false,"Belice, Ciudad1"
US881,DV365,false,true,"Belice, Ciudad3"
US882,DV465,false,false,"Belice, Ciudad2"
US883,DV497,false,false,"Panamá, Ciudad1"
US884,DV356,true,false,"Panamá, Ciudad1"
US885,DV283,true,true,"El Salvador, Ciudad5"
US886,DV467,true,true,"El Salvador, Ciudad4"
US887,DV61,true,true,"Honduras, Ciudad3"
US888,DV22,false,false,"Panamá, Ciudad7"
US889,DV157,false,true,"Guatemala, Ciudad2"
US890,DV353,false,true,"Belice, Ciudad6"
US891,DV427,false,false,"Nicaragua, Ciudad7"
US892,DV431,true,false,"Nicaragua, Ciudad6"
US893,DV321,true,true,"Nicaragua, Capital"
US894,DV416,true,true,"Nicaragua, Ciudad7"
US895,DV419,true,false,"Panamá, Ciudad2"
US896,DV459,true,true,"Nicaragua, Ciudad3"
US897,DV151,false,false,"Belice, Ciudad3"
US898,DV265,true,true,"Guatemala, Ciudad1"
US899,DV166,false,true,"Nicaragua, Ciudad4"
US900,DV121,true,true,"Belice, Ciudad3"
US901,DV86,false,false,"Nicaragua, Ciudad8"
US902,DV130,true,false,"Panamá, Ciudad7"
US903,DV254,true,true,"Costa Rica, Ciudad1"
US904,DV1,true,true,"Guatemala, Ciudad9"
US905,DV77,false,false,"Panamá, Ciudad1"
US906,DV128,false,true,"Honduras, Ciudad2"
US907,DV197,false,true,"Belice, Ciudad5"
US908,DV345,false,false,"Belice, Capital"
US909,DV178,true,true,"El Salvador, Ciudad2"
US910,DV282,false,true,"Guatemala, Ciudad5"
US911,DV99,false,false,"Belice, Ciudad4"
US912,DV8,true,true,"Nicaragua, Ciudad1"
US913,DV421,true,true,"Costa Rica, Ciudad1"
US914,DV175,false,true,"El Salvador, Ciudad8"
US915,DV263,false,true,"El Salvador, Ciudad2"
US916,DV276,false,true,"Panamá, Ciudad4"
US917,DV6,true,false,"Belice, Ciudad5"
US918,DV133,true,false,"Guatemala, Ciudad2"
US919,DV119,true,false,"El Salvador, Ciudad4"
US920,DV12,true,false,"El Salvador, Ciudad2"
US921,DV129,true,true,"Belice, Ciudad6"
US922,DV102,true,false,"Nicaragua, Ciudad8"
US923,DV189,true,true,"Belice, Ciudad4"
US924,DV69,true,false,"Nicaragua, Ciudad7"
US925,DV169,false,false,"Guatemala, Ciudad1"
US926,DV81,true,false,"Honduras, Ciudad9"
US927,DV312,false,true,"El Salvador, Ciudad5"
US928,DV52,true,true,"Nicaragua, Ciudad5"
US929,DV372,false,false,"Costa Rica, Ciudad6"
US930,DV328,false,true,"Nicaragua, Capital"
US931,DV362,true,true,"Honduras, Ciudad5"
US932,DV333,false,false,"El Salvador, Ciudad7"
US933,DV384,true,false,"Panamá, Ciudad3"
US934,DV17,true,false,"Honduras, Ciudad9"
US935,DV462,true,true,"Panamá, Capital"
US936,DV111,true,false,"Nicaragua, Ciudad3"
US937,DV291,true,true,"Costa Rica, Ciudad5"
US938,DV365,false,false,"Nicaragua, Ciudad6"
US939,DV138,true,false,"Guatemala, Ciudad6"
US940,DV213,true,false,"Panamá, Ciudad4"
US941,DV466,true,false,"Costa Rica, Ciudad8"
US942,DV253,false,false,"El Salvador, Ciudad1"
US943,DV270,true,false,"Panamá, Ciudad9"
US944,DV292,true,true,"Panamá, Ciudad9"
US945,DV59,true,true,"Honduras, Ciudad9"
US946,DV365,false,false,"El Salvador, Ciudad8"
US947,DV28,true,true,"Belice, Ciudad9"
US948,DV396,false,true,"Panamá, Capital"
US949,DV352,true,true,"Costa Rica, Capital"
US950,DV399,false,true,"Honduras, Ciudad5"
US951,DV243,true,true,"Panamá, Ciudad3"
US952,DV281,false,true,"Guatemala, Ciudad6"
US953,DV3,false,false,"Honduras, Ciudad4"
US954,DV57,true,true,"Costa Rica, Capital"
US955,DV262,false,false,"Belice, Ciudad4"
US956,DV216,true,true,"Honduras, Ciudad8"
US957,DV318,false,false,"Guatemala, Ciudad6"
US958,DV245,true,false,"Belice, Ciudad2"
US959,DV289,true,true,"Costa Rica, Ciudad6"
US960,DV283,true,false,"Honduras, Ciudad9"
US961,DV190,false,true,"Honduras, Ciudad5"
US962,DV8,false,false,"Belice, Ciudad5"
US963,DV25,true,false,"Guatemala, Ciudad6"
US964,DV472,false,false,"Honduras, Ciudad3"
US965,DV62,false,false,"Panamá, Ciudad6"
US966,DV471,true,true,"Belice, Ciudad5"
US967,DV90,false,true,"Panamá, Ciudad5"
US968,DV26,false,true,"Costa Rica, Ciudad9"
US969,DV210,false,false,"Guatemala, Ciudad9"
US970,DV230,true,true,"Guatemala, Ciudad9"
US971,DV413,true,true,"Nicaragua, Ciudad9"
US972,DV308,true,false,"Costa Rica, Ciudad8"
US973,DV478,false,false,"Honduras, Ciudad8"
US974,DV10,true,true,"El Salvador, Ciudad4"
US975,DV72,false,true,"El Salvador, Ciudad9"
US976,DV188,true,true,"Guatemala, Ciudad5"
US977,DV344,false,false,"Panamá, Ciudad9"
US978,DV463,false,true,"Costa Rica, Ciudad7"
US979,DV256,true,false,"Honduras, Ciudad8"
US980,DV385,true,true,"Guatemala, Capital"
US981,DV274,false,true,"El Salvador, Ciudad9"
US982,DV203,true,false,"Costa Rica, Capital"
US983,DV488,true,true,"Nicaragua, Ciudad1"
US984,DV289,false,false,"Belice, Ciudad7"
US985,DV33,true,false,"Guatemala, Ciudad2"
US986,DV418,true,true,"Honduras, Ciudad3"
US987,DV68,false,true,"Belice, Ciudad9"
US988,DV345,false,true,"Costa Rica, Ciudad5"
US989,DV101,true,false,"Nicaragua, Ciudad2"
US990,DV172,true,true,"Nicaragua, Ciudad5"
US991,DV410,false,false,"El Salvador, Ciudad4"
US992,DV177,true,true,"Honduras, Ciudad7"
US993,DV472,true,false,"Nicaragua, Ciudad6"
US994,DV308,false,false,"Costa Rica, Ciudad5"
US995,DV123,false,false,"Costa Rica, Ciudad1"
US996,DV1,false,false,"Nicaragua, Ciudad4"
US997,DV97,true,true,"Costa Rica, Ciudad7"
US998,DV486,true,true,"Nicaragua, Ciudad1"
US999,DV299,false,false,"Honduras, Ciudad3"
US1000,DV342,true,false,"Costa Rica, Ciudad8"
