id_usuario,id_tarjeta,chip,tiempo_de_uso,membresia
US1,TAR667,true,07:39:00,VIP
US2,TAR644,true,09:35:00,Básica
US3,TAR745,true,04:01:00,Básica
US4,TAR77,true,08:46:00,Básica
US5,TAR292,true,07:02:00,Básica
US6,TAR886,false,05:11:00,VIP
US7,TAR290,false,08:22:00,Premium
US8,TAR675,false,04:00:00,Básica
US9,TAR758,false,04:12:00,Premium
US10,TAR153,false,04:15:00,Premium
US11,TAR733,false,07:02:00,Básica
US12,TAR171,false,02:04:00,Básica
US13,TAR914,false,07:51:00,Premium
US14,TAR884,true,06:50:00,Básica
US15,TAR196,false,07:19:00,Premium
US16,TAR315,true,06:06:00,VIP
US17,TAR647,false,07:19:00,Básica
US18,TAR675,false,07:25:00,VIP
US19,TAR705,false,04:14:00,Básica
US20,TAR226,false,07:04:00,Premium
US21,TAR103,false,06:19:00,Básica
US22,TAR130,false,03:49:00,Básica
US23,TAR573,false,01:03:00,Básica
US24,TAR265,false,08:14:00,Premium
US25,TAR113,true,08:00:00,Premium
US26,TAR507,false,09:35:00,Premium
US27,TAR712,false,04:15:00,VIP
US28,TAR955,false,01:24:00,Premium
US29,TAR305,true,03:44:00,Premium
US30,TAR486,true,04:53:00,Premium
US31,TAR723,false,07:10:00,VIP
US32,TAR931,false,05:33:00,Básica
US33,TAR765,false,07:19:00,Básica
US34,TAR659,true,01:16:00,Premium
US35,TAR943,true,09:06:00,VIP
US36,TAR877,true,06:47:00,Premium
US37,TAR843,true,06:10:00,Premium
US38,TAR234,false,04:15:00,VIP
US39,TAR979,false,03:19:00,Básica
US40,TAR339,false,09:36:00,Premium
US41,TAR248,true,08:25:00,VIP
US42,TAR924,true,05:46:00,Premium
US43,TAR621,false,06:56:00,Premium
US44,TAR723,false,01:41:00,Básica
US45,TAR933,true,01:05:00,VIP
US46,TAR190,true,06:12:00,Básica
US47,TAR941,false,09:50:00,VIP
US48,TAR479,true,05:41:00,Básica
US49,TAR161,false,04:21:00,Premium
US50,TAR963,false,09:12:00,Básica
US51,TAR374,true,05:51:00,Premium
US52,TAR459,true,03:38:00,Básica
US53,TAR345,true,08:37:00,Premium
US54,TAR748,false,01:24:00,Premium
US55,TAR27,true,08:38:00,Básica
US56,TAR396,true,02:48:00,Básica
US57,TAR877,true,03:30:00,Premium
US58,TAR560,false,07:08:00,Básica
US59,TAR794,false,02:19:00,VIP
US60,TAR5,false,09:20:00,Premium
US61,TAR514,false,07:45:00,VIP
US62,TAR573,true,06:36:00,Premium
US63,TAR307,false,04:05:00,VIP
US64,TAR164,false,03:55:00,Básica
US65,TAR968,true,03:50:00,VIP
US66,TAR88,false,03:28:00,Premium
US67,TAR614,true,02:28:00,Premium
US68,TAR630,true,03:44:00,Premium
US69,TAR514,false,04:42:00,VIP
US70,TAR492,false,04:45:00,Básica
US71,TAR486,true,06:25:00,Premium
US72,TAR912,true,07:19:00,Premium
US73,TAR175,true,09:44:00,VIP
US74,TAR363,false,03:10:00,Básica
US75,TAR100,false,09:28:00,Premium
US76,TAR269,false,09:46:00,Básica
US77,TAR898,false,06:44:00,Premium
US78,TAR304,false,01:59:00,Premium
US79,TAR476,false,08:36:00,VIP
US80,TAR684,false,08:57:00,VIP
US81,TAR326,true,05:21:00,Premium
US82,TAR170,true,07:39:00,VIP
US83,TAR254,false,08:54:00,Básica
US84,TAR207,true,07:13:00,Básica
US85,TAR755,false,03:45:00,VIP
US86,TAR900,true,03:41:00,Básica
US87,TAR336,true,01:15:00,VIP
US88,TAR215,true,02:53:00,VIP
US89,TAR145,true,03:13:00,Premium
US90,TAR389,false,02:37:00,Premium
US91,TAR291,false,01:37:00,Premium
US92,TAR543,false,09:54:00,VIP
US93,TAR977,false,03:50:00,Premium
US94,TAR859,true,05:16:00,Básica
US95,TAR568,true,04:06:00,VIP
US96,TAR395,false,04:08:00,Premium
US97,TAR214,true,01:05:00,VIP
US98,TAR396,false,09:54:00,Básica
US99,TAR911,false,04:02:00,VIP
US100,TAR196,true,06:31:00,VIP
US101,TAR56,false,03:14:00,VIP
US102,TAR252,true,05:28:00,Premium
US103,TAR89,true,06:48:00,Básica
US104,TAR938,true,07:01:00,Premium
US105,TAR114,true,08:58:00,Premium
US106,TAR844,true,09:53:00,VIP
US107,TAR846,true,05:16:00,Premium
US108,TAR164,false,06:01:00,VIP
US109,TAR680,false,02:11:00,Premium
US110,TAR613,false,03:40:00,Básica
US111,TAR857,true,07:48:00,Premium
US112,TAR427,true,01:15:00,Premium
US113,TAR711,false,08:33:00,Básica
US114,TAR121,true,07:34:00,Premium
US115,TAR296,true,07:24:00,Básica
US116,TAR13,false,05:22:00,Premium
US117,TAR915,true,02:19:00,Básica
US118,TAR647,false,04:07:00,Básica
US119,TAR256,false,03:41:00,VIP
US120,TAR465,true,07:32:00,VIP
US121,TAR51,true,07:54:00,VIP
US122,TAR522,false,02:47:00,VIP
US123,TAR353,false,06:03:00,Premium
US124,TAR603,true,07:36:00,VIP
US125,TAR101,true,04:04:00,VIP
US126,TAR568,false,06:16:00,Premium
US127,TAR78,false,09:19:00,Básica
US128,TAR66,false,05:03:00,Básica
US129,TAR917,false,04:00:00,Básica
US130,TAR27,true,08:04:00,Premium
US131,TAR940,false,08:26:00,VIP
US132,TAR937,false,07:03:00,Básica
US133,TAR358,false,05:00:00,Premium
US134,TAR6,true,02:41:00,Premium
US135,TAR456,false,07:24:00,Básica
US136,TAR454,false,08:32:00,VIP
US137,TAR46,true,09:41:00,Básica
US138,TAR421,true,06:48:00,Premium
US139,TAR992,true,08:25:00,Premium
US140,TAR888,true,01:57:00,VIP
US141,TAR684,false,07:03:00,VIP
US142,TAR533,true,01:42:00,VIP
US143,TAR853,true,05:18:00,Premium
US144,TAR765,false,06:12:00,VIP
US145,TAR525,false,06:55:00,Premium
US146,TAR785,false,02:51:00,VIP
US147,TAR547,true,08:05:00,VIP
US148,TAR747,true,07:24:00,Premium
US149,TAR756,true,03:37:00,Premium
US150,TAR300,false,07:48:00,Básica
US151,TAR996,false,07:36:00,Premium
US152,TAR934,true,09:20:00,Básica
US153,TAR25,false,03:20:00,VIP
US154,TAR41,false,01:54:00,Básica
US155,TAR413,false,06:26:00,Premium
US156,TAR770,true,07:54:00,Básica
US157,TAR691,true,02:52:00,Premium
US158,TAR750,true,05:18:00,Premium
US159,TAR963,true,02:33:00,VIP
US160,TAR801,false,09:07:00,VIP
US161,TAR169,false,02:10:00,Premium
US162,TAR774,true,09:48:00,Básica
US163,TAR284,false,03:37:00,VIP
US164,TAR205,false,08:48:00,Premium
US165,TAR269,true,01:44:00,Básica
US166,TAR214,true,08:22:00,Básica
US167,TAR693,false,01:27:00,VIP
US168,TAR586,false,02:36:00,Premium
US169,TAR873,false,03:30:00,VIP
US170,TAR587,false,04:29:00,Básica
US171,TAR509,true,02:51:00,Premium
US172,TAR357,false,07:34:00,VIP
US173,TAR215,false,03:11:00,Básica
US174,TAR405,true,01:38:00,Premium
US175,TAR977,false,01:42:00,VIP
US176,TAR486,true,04:38:00,Básica
US177,TAR660,false,07:20:00,Básica
US178,TAR350,true,01:32:00,Básica
US179,TAR632,false,02:59:00,Básica
US180,TAR766,false,03:43:00,VIP
US181,TAR361,true,05:29:00,VIP
US182,TAR664,false,02:24:00,Premium
US183,TAR449,false,07:07:00,Básica
US184,TAR5,true,08:29:00,VIP
US185,TAR187,false,07:49:00,Premium
US186,TAR739,true,06:32:00,VIP
US187,TAR353,true,08:00:00,VIP
US188,TAR884,false,03:27:00,Premium
US189,TAR359,true,03:19:00,VIP
US190,TAR162,false,01:06:00,Premium
US191,TAR688,false,07:31:00,Básica
US192,TAR357,true,01:31:00,VIP
US193,TAR410,true,08:20:00,Premium
US194,TAR750,true,04:51:00,VIP
US195,TAR703,true,02:03:00,Básica
US196,TAR912,true,03:40:00,Premium
US197,TAR600,true,04:44:00,VIP
US198,TAR279,true,05:20:00,VIP
US199,TAR831,true,09:43:00,VIP
US200,TAR435,true,01:12:00,VIP
US201,TAR801,true,03:23:00,Básica
US202,TAR782,false,07:37:00,Premium
US203,TAR225,false,03:47:00,Básica
US204,TAR338,false,04:02:00,Premium
US205,TAR966,true,09:24:00,Premium
US206,TAR471,true,04:46:00,Premium
US207,TAR56,true,05:20:00,Básica
US208,TAR439,false,04:08:00,VIP
US209,TAR622,false,01:47:00,VIP
US210,TAR697,true,06:34:00,Premium
US211,TAR427,true,02:20:00,VIP
US212,TAR697,true,09:19:00,VIP
US213,TAR390,true,07:30:00,Premium
US214,TAR361,false,02:47:00,Básica
US215,TAR984,true,01:29:00,Básica
US216,TAR376,true,04:34:00,VIP
US217,TAR422,true,05:47:00,Básica
US218,TAR927,true,04:29:00,VIP
US219,TAR227,false,03:39:00,Básica
US220,TAR440,true,03:21:00,Premium
US221,TAR860,false,07:27:00,VIP
US222,TAR702,false,08:46:00,Premium
US223,TAR672,false,05:04:00,VIP
US224,TAR128,false,04:22:00,Básica
US225,TAR953,false,04:29:00,Básica
US226,TAR38,true,08:23:00,VIP
US227,TAR198,true,09:48:00,VIP
US228,TAR942,false,02:08:00,VIP
US229,TAR992,true,04:19:00,VIP
US230,TAR434,false,07:20:00,Premium
US231,TAR396,false,05:26:00,Premium
US232,TAR334,true,01:36:00,VIP
US233,TAR915,true,01:44:00,Premium
US234,TAR78,true,04:03:00,Premium
US235,TAR305,false,05:18:00,Básica
US236,TAR754,false,04:48:00,Premium
US237,TAR783,false,05:52:00,Premium
US238,TAR680,true,01:54:00,Premium
US239,TAR630,true,09:49:00,Básica
US240,TAR140,true,01:56:00,Premium
US241,TAR874,false,09:53:00,Básica
US242,TAR730,false,02:14:00,VIP
US243,TAR597,false,08:41:00,Premium
US244,TAR981,false,04:16:00,Premium
US245,TAR775,false,03:19:00,Premium
US246,TAR231,true,08:02:00,Premium
US247,TAR775,false,05:00:00,VIP
US248,TAR300,false,01:15:00,Básica
US249,TAR514,true,04:11:00,Básica
US250,TAR58,true,01:59:00,Premium
US251,TAR233,false,07:53:00,Premium
US252,TAR278,false,04:18:00,Premium
US253,TAR714,false,03:21:00,Básica
US254,TAR31,true,09:45:00,Básica
US255,TAR868,false,01:32:00,VIP
US256,TAR380,false,03:27:00,Premium
US257,TAR124,false,09:51:00,Premium
US258,TAR227,false,08:02:00,VIP
US259,TAR170,true,03:04:00,Premium
US260,TAR297,true,02:08:00,Premium
US261,TAR948,false,05:42:00,VIP
US262,TAR92,false,04:21:00,Premium
US263,TAR610,true,08:44:00,Premium
US264,TAR540,false,04:05:00,Premium
US265,TAR181,true,03:07:00,Básica
US266,TAR744,true,02:45:00,Premium
US267,TAR102,false,09:05:00,Básica
US268,TAR282,false,03:18:00,VIP
US269,TAR428,false,02:20:00,Premium
US270,TAR945,true,03:25:00,Premium
US271,TAR45,false,01:41:00,Básica
US272,TAR675,false,01:00:00,Premium
US273,TAR854,false,07:58:00,Premium
US274,TAR278,true,08:51:00,Básica
US275,TAR264,false,09:06:00,Premium
US276,TAR762,false,03:29:00,Premium
US277,TAR9,true,06:13:00,Premium
US278,TAR799,true,07:26:00,Premium
US279,TAR166,true,06:57:00,Premium
US280,TAR587,false,07:54:00,Premium
US281,TAR151,false,05:19:00,VIP
US282,TAR810,true,07:12:00,VIP
US283,TAR945,true,03:56:00,Premium
US284,TAR255,true,06:13:00,Premium
US285,TAR352,false,01:14:00,Premium
US286,TAR131,false,07:16:00,Premium
US287,TAR161,false,06:29:00,Básica
US288,TAR40,true,03:11:00,Básica
US289,TAR89,false,01:02:00,Premium
US290,TAR597,true,07:21:00,Premium
US291,TAR700,true,04:19:00,VIP
US292,TAR679,true,08:09:00,Básica
US293,TAR514,true,08:16:00,VIP
US294,TAR195,true,07:53:00,Básica
US295,TAR633,false,07:05:00,VIP
US296,TAR359,true,03:25:00,Básica
US297,TAR277,false,07:52:00,Premium
US298,TAR137,false,09:13:00,Premium
US299,TAR740,true,03:06:00,Básica
US300,TAR770,false,02:15:00,VIP
US301,TAR241,false,02:43:00,Básica
US302,TAR443,true,02:10:00,Premium
US303,TAR597,false,03:20:00,Premium
US304,TAR431,true,09:08:00,Básica
US305,TAR876,false,08:29:00,Básica
US306,TAR351,false,04:10:00,Básica
US307,TAR410,false,06:36:00,VIP
US308,TAR772,false,09:00:00,Básica
US309,TAR561,true,06:15:00,VIP
US310,TAR817,true,04:06:00,VIP
US311,TAR675,true,06:36:00,Premium
US312,TAR689,false,01:15:00,Básica
US313,TAR652,true,02:15:00,Básica
US314,TAR94,true,04:58:00,Premium
US315,TAR493,true,03:17:00,VIP
US316,TAR476,true,07:10:00,VIP
US317,TAR391,false,07:48:00,VIP
US318,TAR595,false,09:53:00,Básica
US319,TAR254,true,07:42:00,Básica
US320,TAR597,false,06:48:00,VIP
US321,TAR109,false,09:22:00,VIP
US322,TAR554,true,03:43:00,Premium
US323,TAR368,false,03:34:00,VIP
US324,TAR962,false,09:56:00,VIP
US325,TAR427,true,02:32:00,Básica
US326,TAR9,false,06:43:00,Básica
US327,TAR320,true,08:36:00,Básica
US328,TAR454,false,05:50:00,Premium
US329,TAR192,false,06:31:00,Premium
US330,TAR283,true,05:42:00,VIP
US331,TAR345,false,05:15:00,VIP
US332,TAR23,false,04:08:00,Premium
US333,TAR90,false,09:48:00,Premium
US334,TAR740,false,02:12:00,VIP
US335,TAR400,false,02:30:00,Básica
US336,TAR435,true,08:38:00,VIP
US337,TAR735,true,09:28:00,Premium
US338,TAR456,true,09:30:00,Básica
US339,TAR37,false,09:07:00,VIP
US340,TAR897,false,06:30:00,VIP
US341,TAR433,true,08:59:00,Premium
US342,TAR272,false,01:15:00,Premium
US343,TAR843,false,07:06:00,VIP
US344,TAR136,true,01:13:00,VIP
US345,TAR946,true,04:33:00,VIP
US346,TAR477,true,04:35:00,Básica
US347,TAR217,true,08:20:00,VIP
US348,TAR599,true,09:38:00,VIP
US349,TAR367,true,07:47:00,Premium
US350,TAR98,false,05:48:00,Básica
US351,TAR283,false,09:44:00,VIP
US352,TAR254,false,02:04:00,VIP
US353,TAR943,false,03:44:00,Básica
US354,TAR468,false,06:31:00,Premium
US355,TAR86,true,07:35:00,Básica
US356,TAR481,true,06:42:00,Premium
US357,TAR699,true,02:45:00,Premium
US358,TAR334,false,07:07:00,VIP
US359,TAR178,false,09:30:00,VIP
US360,TAR925,false,07:57:00,Premium
US361,TAR462,false,08:01:00,Básica
US362,TAR555,true,07:36:00,VIP
US363,TAR73,true,02:23:00,VIP
US364,TAR540,true,05:17:00,Premium
US365,TAR131,true,02:26:00,VIP
US366,TAR281,true,03:25:00,Básica
US367,TAR624,true,02:26:00,VIP
US368,TAR125,true,05:12:00,Premium
US369,TAR88,true,04:50:00,VIP
US370,TAR589,false,05:30:00,Premium
US371,TAR288,true,01:53:00,VIP
US372,TAR275,false,02:13:00,VIP
US373,TAR22,true,09:16:00,Premium
US374,TAR228,true,06:29:00,Básica
US375,TAR204,true,03:57:00,VIP
US376,TAR342,true,01:22:00,Básica
US377,TAR23,true,08:08:00,Premium
US378,TAR342,true,07:54:00,Premium
US379,TAR59,false,04:57:00,Premium
US380,TAR752,false,01:47:00,Básica
US381,TAR881,false,05:05:00,VIP
US382,TAR526,true,03:27:00,VIP
US383,TAR937,false,05:59:00,Premium
US384,TAR851,false,02:35:00,Premium
US385,TAR247,false,05:07:00,VIP
US386,TAR53,false,08:50:00,Básica
US387,TAR671,false,03:52:00,Premium
US388,TAR41,false,04:19:00,Premium
US389,TAR249,true,06:17:00,Premium
US390,TAR543,true,04:18:00,Básica
US391,TAR985,true,08:06:00,VIP
US392,TAR601,false,05:57:00,Básica
US393,TAR846,false,05:19:00,Básica
US394,TAR871,false,04:46:00,Básica
US395,TAR716,true,03:03:00,VIP
US396,TAR373,false,03:17:00,Premium
US397,TAR841,true,02:26:00,Premium
US398,TAR509,false,09:24:00,Básica
US399,TAR991,false,02:19:00,Básica
US400,TAR806,true,05:34:00,Básica
US401,TAR746,true,01:31:00,Básica
US402,TAR745,false,05:54:00,VIP
US403,TAR606,false,09:07:00,Básica
US404,TAR741,true,07:21:00,VIP
US405,TAR425,true,07:15:00,Básica
US406,TAR234,true,06:55:00,VIP
US407,TAR574,false,04:27:00,VIP
US408,TAR940,true,04:00:00,VIP
US409,TAR897,false,04:56:00,VIP
US410,TAR885,false,06:26:00,VIP
US411,TAR499,false,03:56:00,Premium
US412,TAR131,true,03:07:00,Básica
US413,TAR722,false,07:00:00,Básica
US414,TAR617,false,09:53:00,Premium
US415,TAR827,false,04:57:00,Premium
US416,TAR863,true,01:30:00,VIP
US417,TAR789,false,01:57:00,Básica
US418,TAR602,false,05:09:00,VIP
US419,TAR360,true,03:27:00,Premium
US420,TAR457,true,02:01:00,VIP
US421,TAR133,true,01:35:00,VIP
US422,TAR875,true,08:20:00,Básica
US423,TAR654,true,07:24:00,Básica
US424,TAR78,true,07:13:00,Básica
US425,TAR795,false,08:26:00,Básica
US426,TAR116,false,06:22:00,Premium
US427,TAR567,false,09:43:00,VIP
US428,TAR624,false,02:18:00,VIP
US429,TAR368,true,09:51:00,Básica
US430,TAR791,true,02:36:00,Premium
US431,TAR507,true,04:36:00,Premium
US432,TAR450,false,02:57:00,Básica
US433,TAR895,false,08:48:00,VIP
US434,TAR712,true,03:01:00,Premium
US435,TAR970,false,03:21:00,Básica
US436,TAR805,false,03:47:00,VIP
US437,TAR694,false,06:51:00,Premium
US438,TAR632,false,05:24:00,VIP
US439,TAR310,false,03:46:00,Básica
US440,TAR54,false,09:15:00,VIP
US441,TAR775,false,05:20:00,Premium
US442,TAR447,false,07:31:00,VIP
US443,TAR35,false,08:39:00,VIP
US444,TAR731,true,02:14:00,VIP
US445,TAR706,true,09:05:00,Premium
US446,TAR96,false,09:20:00,VIP
US447,TAR127,false,06:05:00,Básica
US448,TAR564,true,05:43:00,VIP
US449,TAR858,true,01:45:00,VIP
US450,TAR611,true,06:21:00,Premium
US451,TAR61,false,07:52:00,Básica
US452,TAR21,false,03:32:00,Premium
US453,TAR621,false,07:26:00,Básica
US454,TAR712,false,07:45:00,Premium
US455,TAR50,false,02:15:00,Premium
US456,TAR649,true,09:23:00,VIP
US457,TAR235,true,03:58:00,Premium
US458,TAR18,false,01:23:00,VIP
US459,TAR35,true,02:02:00,Básica
US460,TAR120,false,05:31:00,VIP
US461,TAR565,false,02:33:00,VIP
US462,TAR72,false,09:53:00,Básica
US463,TAR899,false,08:17:00,Básica
US464,TAR687,false,07:55:00,Premium
US465,TAR143,false,08:20:00,VIP
US466,TAR421,true,07:47:00,Premium
US467,TAR72,true,06:24:00,Premium
US468,TAR299,false,05:59:00,Premium
US469,TAR542,true,05:10:00,VIP
US470,TAR877,true,04:49:00,Básica
US471,TAR443,false,07:08:00,Básica
US472,TAR229,true,05:59:00,Básica
US473,TAR847,true,04:58:00,Básica
US474,TAR203,true,08:22:00,Premium
US475,TAR76,true,03:28:00,Básica
US476,TAR773,true,08:18:00,VIP
US477,TAR571,true,01:55:00,Premium
US478,TAR538,true,06:31:00,Premium
US479,TAR771,false,06:32:00,Básica
US480,TAR409,false,07:40:00,Premium
US481,TAR669,false,02:02:00,Premium
US482,TAR658,false,07:20:00,Premium
US483,TAR78,true,04:50:00,Premium
US484,TAR295,true,07:24:00,VIP
US485,TAR259,true,03:24:00,Premium
US486,TAR903,false,05:34:00,Premium
US487,TAR790,true,06:40:00,VIP
US488,TAR256,false,07:33:00,Premium
US489,TAR22,false,03:35:00,VIP
US490,TAR719,false,03:25:00,VIP
US491,TAR994,false,02:40:00,VIP
US492,TAR667,true,09:20:00,Premium
US493,TAR696,false,01:10:00,Premium
US494,TAR834,false,02:27:00,Básica
US495,TAR213,true,02:10:00,VIP
US496,TAR127,true,06:16:00,VIP
US497,TAR886,true,08:47:00,Premium
US498,TAR537,false,09:42:00,Básica
US499,TAR643,false,01:40:00,VIP
US500,TAR798,true,02:16:00,Básica
US501,TAR128,true,02:23:00,Básica
US502,TAR700,false,05:13:00,Premium
US503,TAR109,false,08:00:00,Básica
US504,TAR969,false,05:30:00,VIP
US505,TAR277,true,02:05:00,VIP
US506,TAR578,true,03:29:00,Premium
US507,TAR786,false,09:41:00,VIP
US508,TAR183,false,01:20:00,VIP
US509,TAR326,false,08:31:00,Premium
US510,TAR982,true,09:36:00,Premium
US511,TAR803,false,08:45:00,VIP
US512,TAR893,false,01:45:00,Premium
US513,TAR761,false,01:19:00,VIP
US514,TAR123,false,05:37:00,VIP
US515,TAR707,false,02:13:00,Básica
US516,TAR228,true,01:38:00,Básica
US517,TAR480,false,03:20:00,Premium
US518,TAR722,false,09:21:00,Premium
US519,TAR672,false,08:07:00,VIP
US520,TAR142,true,07:07:00,Básica
US521,TAR613,true,02:11:00,Premium
US522,TAR931,false,06:30:00,Premium
US523,TAR948,false,01:42:00,Básica
US524,TAR997,false,01:49:00,Básica
US525,TAR729,false,01:37:00,Básica
US526,TAR64,false,09:58:00,VIP
US527,TAR457,false,01:22:00,Básica
US528,TAR564,true,06:16:00,Premium
US529,TAR255,false,04:45:00,Premium
US530,TAR622,false,07:21:00,VIP
US531,TAR531,false,04:03:00,Premium
US532,TAR19,false,06:05:00,VIP
US533,TAR182,true,07:20:00,VIP
US534,TAR960,true,01:12:00,Premium
US535,TAR555,true,08:02:00,Básica
US536,TAR70,true,06:44:00,VIP
US537,TAR791,false,09:17:00,Básica
US538,TAR455,false,02:30:00,Básica
US539,TAR317,false,05:56:00,VIP
US540,TAR718,false,02:05:00,VIP
US541,TAR230,true,07:34:00,Básica
US542,TAR317,true,09:34:00,Premium
US543,TAR948,false,07:36:00,Básica
US544,TAR598,true,08:50:00,Premium
US545,TAR391,false,03:22:00,Premium
US546,TAR18,true,09:20:00,Premium
US547,TAR919,false,02:56:00,VIP
US548,TAR640,false,04:09:00,VIP
US549,TAR978,true,08:22:00,Básica
US550,TAR283,true,09:56:00,Premium
US551,TAR418,true,01:27:00,Premium
US552,TAR263,false,07:03:00,Básica
US553,TAR567,true,04:42:00,VIP
US554,TAR311,false,06:15:00,Premium
US555,TAR721,false,03:04:00,Premium
US556,TAR70,false,05:21:00,Premium
US557,TAR707,false,03:39:00,Premium
US558,TAR130,false,07:10:00,VIP
US559,TAR521,false,07:38:00,Básica
US560,TAR549,true,07:48:00,Básica
US561,TAR634,true,08:00:00,VIP
US562,TAR192,true,07:03:00,Premium
US563,TAR596,true,03:27:00,Básica
US564,TAR277,true,07:43:00,Premium
US565,TAR477,false,04:15:00,Premium
US566,TAR353,true,02:58:00,VIP
US567,TAR579,false,08:00:00,VIP
US568,TAR237,true,07:13:00,VIP
US569,TAR611,false,02:22:00,VIP
US570,TAR831,true,01:54:00,Premium
US571,TAR509,true,06:55:00,VIP
US572,TAR407,true,03:17:00,Básica
US573,TAR63,false,01:36:00,Básica
US574,TAR346,false,02:48:00,Premium
US575,TAR297,false,01:15:00,Premium
US576,TAR896,true,05:28:00,VIP
US577,TAR549,false,07:18:00,VIP
US578,TAR596,true,04:32:00,Premium
US579,TAR686,true,05:59:00,Premium
US580,TAR201,false,02:08:00,VIP
US581,TAR526,true,04:23:00,Básica
US582,TAR602,true,05:26:00,Básica
US583,TAR638,false,01:48:00,Básica
US584,TAR408,true,04:17:00,VIP
US585,TAR476,false,01:34:00,Premium
US586,TAR851,false,09:04:00,VIP
US587,TAR552,false,05:21:00,Básica
US588,TAR204,false,02:05:00,Premium
US589,TAR892,true,01:10:00,VIP
US590,TAR288,true,08:46:00,Premium
US591,TAR305,false,08:59:00,Premium
US592,TAR949,true,05:52:00,Básica
US593,TAR742,true,07:21:00,Premium
US594,TAR469,false,02:51:00,Básica
US595,TAR439,false,07:40:00,Premium
US596,TAR335,true,08:43:00,VIP
US597,TAR41,true,07:03:00,VIP
US598,TAR923,true,01:54:00,Premium
US599,TAR114,false,03:03:00,Premium
US600,TAR17,true,07:37:00,Premium
US601,TAR14,true,04:57:00,VIP
US602,TAR710,true,07:43:00,Premium
US603,TAR787,true,07:33:00,Básica
US604,TAR897,true,08:06:00,Básica
US605,TAR252,true,08:21:00,Básica
US606,TAR492,true,05:24:00,Premium
US607,TAR95,true,03:16:00,Básica
US608,TAR568,true,04:43:00,VIP
US609,TAR659,true,05:16:00,Premium
US610,TAR336,true,02:13:00,Básica
US611,TAR988,false,03:15:00,Premium
US612,TAR135,false,08:35:00,Básica
US613,TAR425,true,04:34:00,Básica
US614,TAR416,true,06:20:00,Básica
US615,TAR616,true,02:04:00,Básica
US616,TAR550,false,08:04:00,Básica
US617,TAR68,false,04:59:00,Premium
US618,TAR649,false,04:25:00,VIP
US619,TAR285,true,04:23:00,VIP
US620,TAR411,false,07:43:00,Premium
US621,TAR448,false,07:01:00,Básica
US622,TAR271,false,07:56:00,VIP
US623,TAR764,true,06:53:00,Básica
US624,TAR160,true,09:21:00,VIP
US625,TAR825,false,09:06:00,Básica
US626,TAR758,false,09:10:00,VIP
US627,TAR833,true,01:01:00,Básica
US628,TAR13,false,03:43:00,VIP
US629,TAR126,false,09:22:00,VIP
US630,TAR396,false,08:43:00,Premium
US631,TAR931,true,03:39:00,VIP
US632,TAR130,false,05:09:00,Premium
US633,TAR553,false,09:51:00,VIP
US634,TAR383,true,01:46:00,VIP
US635,TAR286,false,06:09:00,Básica
US636,TAR154,false,08:24:00,Básica
US637,TAR679,false,04:07:00,VIP
US638,TAR821,false,03:43:00,VIP
US639,TAR35,true,04:56:00,Básica
US640,TAR45,false,01:33:00,VIP
US641,TAR568,true,03:29:00,Premium
US642,TAR378,true,03:07:00,Básica
US643,TAR922,true,08:17:00,Premium
US644,TAR797,true,01:55:00,Premium
US645,TAR260,true,09:27:00,VIP
US646,TAR18,false,03:41:00,Básica
US647,TAR535,false,01:04:00,Básica
US648,TAR842,true,04:33:00,Premium
US649,TAR402,false,03:13:00,Premium
US650,TAR556,false,07:36:00,Premium
US651,TAR145,false,08:50:00,Básica
US652,TAR526,false,03:22:00,VIP
US653,TAR586,false,09:51:00,Premium
US654,TAR850,false,05:26:00,Básica
US655,TAR843,true,01:54:00,Premium
US656,TAR323,true,09:12:00,Premium
US657,TAR205,true,09:32:00,Básica
US658,TAR70,true,07:05:00,Premium
US659,TAR71,false,09:47:00,Básica
US660,TAR848,false,04:49:00,Premium
US661,TAR492,false,04:13:00,VIP
US662,TAR300,true,04:01:00,VIP
US663,TAR901,true,06:59:00,VIP
US664,TAR462,true,07:44:00,VIP
US665,TAR768,true,04:30:00,VIP
US666,TAR145,false,01:04:00,Premium
US667,TAR623,false,02:11:00,Básica
US668,TAR484,true,03:07:00,Premium
US669,TAR857,true,08:30:00,Básica
US670,TAR856,true,02:17:00,Básica
US671,TAR635,true,01:27:00,Básica
US672,TAR227,true,06:21:00,Básica
US673,TAR952,false,09:01:00,VIP
US674,TAR872,true,06:34:00,Básica
US675,TAR320,true,05:23:00,VIP
US676,TAR403,true,01:12:00,Premium
US677,TAR147,false,04:04:00,Premium
US678,TAR89,false,02:52:00,Básica
US679,TAR990,true,02:40:00,Básica
US680,TAR329,false,07:31:00,VIP
US681,TAR769,true,01:56:00,VIP
US682,TAR120,true,07:54:00,Premium
US683,TAR148,false,04:15:00,Básica
US684,TAR474,false,06:23:00,VIP
US685,TAR993,true,04:10:00,VIP
US686,TAR679,true,07:16:00,VIP
US687,TAR223,true,08:59:00,Básica
US688,TAR966,false,07:10:00,Premium
US689,TAR985,false,05:44:00,VIP
US690,TAR2,false,09:33:00,VIP
US691,TAR279,false,08:18:00,Premium
US692,TAR510,true,08:15:00,Básica
US693,TAR343,false,05:33:00,Premium
US694,TAR764,false,03:30:00,VIP
US695,TAR636,true,06:59:00,Premium
US696,TAR782,false,02:51:00,VIP
US697,TAR540,false,03:33:00,Básica
US698,TAR522,false,05:04:00,Básica
US699,TAR905,true,09:38:00,VIP
US700,TAR797,false,08:40:00,VIP
US701,TAR474,true,03:53:00,VIP
US702,TAR859,false,08:08:00,Básica
US703,TAR323,true,02:32:00,Premium
US704,TAR48,true,08:11:00,Premium
US705,TAR334,false,04:53:00,VIP
US706,TAR107,false,09:25:00,VIP
US707,TAR983,false,09:53:00,Premium
US708,TAR439,false,02:32:00,VIP
US709,TAR357,true,08:30:00,Premium
US710,TAR731,true,04:58:00,Básica
US711,TAR339,true,07:21:00,Premium
US712,TAR654,true,03:10:00,Premium
US713,TAR905,false,02:00:00,VIP
US714,TAR397,true,03:28:00,Premium
US715,TAR963,false,01:35:00,Premium
US716,TAR169,true,01:02:00,Premium
US717,TAR424,false,09:06:00,Básica
US718,TAR523,false,05:11:00,Premium
US719,TAR479,false,08:41:00,Premium
US720,TAR596,true,04:26:00,VIP
US721,TAR710,true,01:20:00,VIP
US722,TAR664,true,09:40:00,Premium
US723,TAR577,false,04:50:00,Básica
US724,TAR875,true,03:14:00,Premium
US725,TAR903,true,08:25:00,Premium
US726,TAR364,false,08:49:00,Básica
US727,TAR545,true,04:47:00,VIP
US728,TAR811,false,04:19:00,Básica
US729,TAR590,false,06:16:00,Premium
US730,TAR629,false,03:28:00,VIP
US731,TAR738,false,08:43:00,VIP
US732,TAR762,true,05:57:00,Básica
US733,TAR562,false,03:26:00,Premium
US734,TAR610,false,08:41:00,Premium
US735,TAR905,false,07:40:00,Premium
US736,TAR783,true,08:08:00,VIP
US737,TAR141,false,02:18:00,VIP
US738,TAR386,true,02:26:00,Básica
US739,TAR952,true,05:17:00,Básica
US740,TAR467,false,06:32:00,Básica
US741,TAR189,false,05:53:00,Básica
US742,TAR373,false,07:33:00,Básica
US743,TAR657,true,09:51:00,Básica
US744,TAR266,true,07:02:00,Básica
US745,TAR770,false,09:49:00,VIP
US746,TAR527,true,06:26:00,VIP
US747,TAR301,false,08:52:00,VIP
US748,TAR933,false,02:56:00,VIP
US749,TAR539,false,03:09:00,Básica
US750,TAR136,true,06:17:00,Premium
US751,TAR417,false,04:54:00,Básica
US752,TAR14,false,07:19:00,Básica
US753,TAR684,false,03:11:00,VIP
US754,TAR193,true,05:44:00,Premium
US755,TAR399,false,03:12:00,Básica
US756,TAR457,false,03:41:00,Premium
US757,TAR946,false,08:33:00,VIP
US758,TAR620,true,07:59:00,VIP
US759,TAR526,true,07:55:00,VIP
US760,TAR168,false,08:57:00,Básica
US761,TAR230,false,06:37:00,VIP
US762,TAR747,false,01:26:00,VIP
US763,TAR318,false,02:29:00,Premium
US764,TAR266,false,07:21:00,VIP
US765,TAR9,true,01:27:00,Básica
US766,TAR581,false,03:14:00,VIP
US767,TAR882,true,08:48:00,Premium
US768,TAR461,false,08:26:00,Básica
US769,TAR742,true,09:58:00,VIP
US770,TAR621,false,06:16:00,Básica
US771,TAR598,false,06:11:00,VIP
US772,TAR282,true,07:00:00,Básica
US773,TAR587,true,01:51:00,VIP
US774,TAR500,false,01:40:00,Básica
US775,TAR37,true,06:53:00,VIP
US776,TAR384,false,08:19:00,Básica
US777,TAR392,false,01:08:00,Básica
US778,TAR335,true,07:51:00,VIP
US779,TAR734,false,06:05:00,Básica
US780,TAR950,true,04:09:00,Premium
US781,TAR389,false,09:01:00,VIP
US782,TAR881,true,06:56:00,Premium
US783,TAR138,false,08:57:00,Premium
US784,TAR755,false,04:12:00,Premium
US785,TAR258,false,02:18:00,Básica
US786,TAR39,true,04:36:00,VIP
US787,TAR842,true,02:27:00,Básica
US788,TAR868,false,03:25:00,VIP
US789,TAR391,false,09:25:00,Básica
US790,TAR653,true,05:30:00,Básica
US791,TAR264,false,05:40:00,VIP
US792,TAR217,false,07:44:00,Premium
US793,TAR502,true,05:02:00,VIP
US794,TAR117,false,05:30:00,Premium
US795,TAR691,false,09:08:00,Básica
US796,TAR760,true,05:11:00,VIP
US797,TAR234,false,08:59:00,Básica
US798,TAR102,false,04:58:00,Básica
US799,TAR595,false,05:05:00,VIP
US800,TAR449,false,09:21:00,Premium
US801,TAR487,true,08:24:00,Premium
US802,TAR621,true,03:17:00,Premium
US803,TAR340,true,03:22:00,VIP
US804,TAR378,true,08:31:00,VIP
US805,TAR751,false,01:09:00,Premium
US806,TAR821,false,01:05:00,Premium
US807,TAR156,false,06:16:00,VIP
US808,TAR628,false,03:57:00,Básica
US809,TAR240,false,05:56:00,VIP
US810,TAR823,true,01:45:00,VIP
US811,TAR195,false,04:18:00,Premium
US812,TAR62,true,06:55:00,Básica
US813,TAR713,false,07:07:00,Básica
US814,TAR228,true,06:04:00,Premium
US815,TAR737,false,04:20:00,Premium
US816,TAR369,true,05:38:00,Básica
US817,TAR422,false,07:51:00,Premium
US818,TAR755,true,01:58:00,VIP
US819,TAR85,false,05:46:00,VIP
US820,TAR536,false,06:30:00,Básica
US821,TAR198,false,07:01:00,Premium
US822,TAR232,true,03:56:00,Premium
US823,TAR266,false,08:35:00,VIP
US824,TAR333,false,02:48:00,Premium
US825,TAR22,true,04:18:00,VIP
US826,TAR907,false,05:01:00,Básica
US827,TAR92,true,06:00:00,Premium
US828,TAR864,false,07:47:00,Premium
US829,TAR436,false,07:13:00,Premium
US830,TAR90,false,06:11:00,Premium
US831,TAR803,false,02:27:00,Premium
US832,TAR761,true,09:39:00,VIP
US833,TAR244,false,06:56:00,VIP
US834,TAR148,false,01:38:00,Básica
US835,TAR186,false,02:42:00,Básica
US836,TAR779,true,08:52:00,Premium
US837,TAR886,false,05:46:00,Básica
US838,TAR757,true,08:44:00,Premium
US839,TAR891,true,02:55:00,VIP
US840,TAR526,true,09:00:00,VIP
US841,TAR793,false,04:52:00,Básica
US842,TAR482,false,04:26:00,VIP
US843,TAR590,false,06:08:00,Premium
US844,TAR953,false,03:55:00,Básica
US845,TAR975,false,01:50:00,Básica
US846,TAR410,false,08:02:00,VIP
US847,TAR884,true,05:27:00,Básica
US848,TAR119,false,06:39:00,Premium
US849,TAR533,true,07:29:00,Básica
US850,TAR105,true,04:36:00,Premium
US851,TAR516,false,06:58:00,Básica
US852,TAR866,true,08:12:00,VIP
US853,TAR683,true,09:21:00,Premium
US854,TAR603,true,01:29:00,Básica
US855,TAR846,false,04:54:00,Premium
US856,TAR918,false,08:15:00,VIP
US857,TAR458,false,03:46:00,Premium
US858,TAR589,false,04:34:00,Básica
US859,TAR697,true,05:05:00,Básica
US860,TAR111,false,01:19:00,VIP
US861,TAR511,false,07:24:00,VIP
US862,TAR161,true,07:22:00,Básica
US863,TAR512,true,08:46:00,VIP
US864,TAR453,true,05:27:00,VIP
US865,TAR625,true,01:28:00,Básica
US866,TAR989,true,01:38:00,Básica
US867,TAR900,true,09:01:00,Premium
US868,TAR549,true,09:34:00,VIP
US869,TAR649,false,08:01:00,Básica
US870,TAR632,false,01:56:00,Premium
US871,TAR506,false,07:11:00,Premium
US872,TAR613,false,06:47:00,Básica
US873,TAR59,true,09:13:00,VIP
US874,TAR8,true,06:59:00,Básica
US875,TAR105,true,07:49:00,Básica
US876,TAR979,true,07:38:00,Básica
US877,TAR993,true,08:21:00,Básica
US878,TAR960,true,04:32:00,VIP
US879,TAR708,false,01:10:00,Básica
US880,TAR936,true,04:06:00,Premium
US881,TAR750,true,06:41:00,Premium
US882,TAR629,true,09:32:00,Básica
US883,TAR439,false,05:18:00,Premium
US884,TAR825,false,03:57:00,Básica
US885,TAR241,true,09:09:00,Básica
US886,TAR146,false,07:27:00,Premium
US887,TAR507,true,04:37:00,Básica
US888,TAR36,true,01:24:00,Premium
US889,TAR901,true,08:06:00,VIP
US890,TAR165,true,07:21:00,Premium
US891,TAR965,false,02:49:00,Premium
US892,TAR22,true,05:38:00,Premium
US893,TAR127,true,01:50:00,Básica
US894,TAR440,false,07:00:00,Premium
US895,TAR380,false,03:42:00,VIP
US896,TAR324,false,04:32:00,VIP
US897,TAR659,true,03:11:00,Premium
US898,TAR396,true,07:25:00,Premium
US899,TAR424,false,04:13:00,Premium
US900,TAR815,true,04:08:00,VIP
US901,TAR373,false,05:29:00,Premium
US902,TAR636,false,02:51:00,VIP
US903,TAR851,true,02:26:00,Básica
US904,TAR203,false,08:15:00,Básica
US905,TAR448,true,01:55:00,VIP
US906,TAR416,false,07:38:00,Premium
US907,TAR367,false,04:07:00,Básica
US908,TAR535,true,09:46:00,Premium
US909,TAR218,true,03:36:00,VIP
US910,TAR213,false,09:58:00,Premium
US911,TAR219,true,06:48:00,VIP
US912,TAR484,true,02:58:00,Básica
US913,TAR373,true,01:35:00,Premium
US914,TAR69,false,09:23:00,Premium
US915,TAR49,false,03:39:00,VIP
US916,TAR718,true,09:08:00,Básica
US917,TAR150,true,04:12:00,VIP
US918,TAR374,true,08:35:00,Básica
US919,TAR199,false,02:31:00,Básica
US920,TAR759,true,05:23:00,Básica
US921,TAR642,false,02:31:00,Básica
US922,TAR344,true,02:50:00,Premium
US923,TAR534,false,04:58:00,Premium
US924,TAR979,true,05:47:00,VIP
US925,TAR651,false,03:17:00,VIP
US926,TAR768,false,01:15:00,Básica
US927,TAR379,false,01:51:00,VIP
US928,TAR901,true,08:45:00,VIP
US929,TAR232,true,03:45:00,Premium
US930,TAR253,true,07:04:00,Premium
US931,TAR914,true,05:06:00,VIP
US932,TAR405,true,02:42:00,Premium
US933,TAR34,true,04:10:00,Premium
US934,TAR507,true,09:52:00,VIP
US935,TAR9,true,01:36:00,VIP
US936,TAR800,false,04:43:00,Premium
US937,TAR180,true,04:40:00,Premium
US938,TAR389,false,04:11:00,VIP
US939,TAR789,false,03:13:00,Premium
US940,TAR829,false,09:08:00,VIP
US941,TAR726,false,09:47:00,Básica
US942,TAR471,true,02:14:00,VIP
US943,TAR507,false,05:52:00,VIP
US944,TAR704,true,08:59:00,Básica
US945,TAR298,true,07:12:00,Básica
US946,TAR860,false,03:34:00,VIP
US947,TAR289,false,08:32:00,Básica
US948,TAR431,false,05:47:00,Premium
US949,TAR586,true,05:48:00,Básica
US950,TAR722,false,09:48:00,Básica
US951,TAR547,false,05:16:00,Premium
US952,TAR287,false,04:49:00,Básica
US953,TAR354,true,05:43:00,Básica
US954,TAR380,true,04:43:00,VIP
US955,TAR314,false,04:53:00,VIP
US956,TAR961,false,09:25:00,VIP
US957,TAR262,true,05:27:00,VIP
US958,TAR771,false,09:03:00,Premium
US959,TAR845,true,03:22:00,Básica
US960,TAR283,false,02:38:00,Básica
US961,TAR866,false,03:58:00,Básica
US962,TAR456,false,04:19:00,Básica
US963,TAR486,false,01:46:00,Básica
US964,TAR3,false,03:03:00,Premium
US965,TAR392,true,07:33:00,VIP
US966,TAR770,false,05:16:00,Básica
US967,TAR940,true,07:25:00,Básica
US968,TAR737,true,06:03:00,Premium
US969,TAR751,true,06:16:00,VIP
US970,TAR779,true,08:04:00,Premium
US971,TAR391,true,08:55:00,Premium
US972,TAR920,true,03:14:00,Premium
US973,TAR669,false,07:41:00,Premium
US974,TAR134,false,04:22:00,VIP
US975,TAR629,true,07:13:00,Básica
US976,TAR555,false,02:29:00,Premium
US977,TAR506,false,06:57:00,VIP
US978,TAR766,true,02:21:00,Premium
US979,TAR980,true,01:29:00,VIP
US980,TAR177,false,05:06:00,Básica
US981,TAR637,false,08:22:00,Básica
US982,TAR465,false,03:43:00,VIP
US983,TAR437,false,07:08:00,Premium
US984,TAR910,false,06:07:00,Premium
US985,TAR706,false,03:49:00,Básica
US986,TAR527,false,01:46:00,Básica
US987,TAR668,false,03:31:00,Básica
US988,TAR867,false,05:24:00,Premium
US989,TAR742,true,01:46:00,Premium
US990,TAR999,true,01:40:00,Básica
US991,TAR811,true,03:41:00,VIP
US992,TAR309,false,02:27:00,VIP
US993,TAR662,false,05:30:00,Premium
US994,TAR785,false,08:45:00,VIP
US995,TAR544,false,06:19:00,Premium
US996,TAR594,true,06:46:00,Premium
US997,TAR150,true,09:07:00,Básica
US998,TAR987,true,09:16:00,VIP
US999,TAR475,true,06:38:00,Premium
US1000,TAR17,true,04:46:00,VIP
